,Ab_ID,species,chain_type,1,2,3,4,5,6,7,8,9,10,11,12,13,14,15,16,17,18,19,20,21,22,23,24,25,26,27,28,29,30,31,32,33,34,35,36,37,38,39,40,41,42,43,44,45,46,47,48,49,50,51,52,53,54,55,56,57,65,66,67,68,69,70,71,72,73,74,75,76,77,78,79,80,81,82,83,84,85,86,87,88,89,90,91,92,93,94,95,96,97,98,99,100,101,102,103,104,105,106,107,108,109,110,111,112,113,114,115,116,117,118,119,120,121,122,123,124,125,126,127
0,Abagovomab,mouse,K,D,I,E,L,T,Q,S,P,A,S,L,S,A,S,V,G,E,T,V,T,I,T,C,Q,A,S,E,N,I,-,-,-,-,-,-,Y,S,Y,L,A,W,H,Q,Q,K,Q,G,K,S,P,Q,L,L,V,Y,N,A,K,T,L,A,G,G,V,S,-,S,R,F,S,G,S,G,-,-,S,G,T,H,F,S,L,K,I,K,S,L,Q,P,E,D,F,G,I,Y,Y,C,Q,H,H,Y,G,-,-,-,-,I,L,P,T,F,G,G,G,T,K,L,E,I,K
1,Abituzumab,human,K,D,I,Q,M,T,Q,S,P,S,S,L,S,A,S,V,G,D,R,V,T,I,T,C,R,A,S,Q,D,I,-,-,-,-,-,-,S,N,Y,L,A,W,Y,Q,Q,K,P,G,K,A,P,K,L,L,I,Y,Y,T,S,K,I,H,S,G,V,P,-,S,R,F,S,G,S,G,-,-,S,G,T,D,Y,T,F,T,I,S,S,L,Q,P,E,D,I,A,T,Y,Y,C,Q,Q,G,N,T,-,-,-,-,F,P,Y,T,F,G,Q,G,T,K,V,E,I,K
2,Abrilumab,rhesus,K,D,I,Q,M,T,Q,S,P,S,S,V,S,A,S,V,G,D,R,V,T,-,I,T,C,R,A,S,Q,G,-,-,-,-,-,-,I,S,S,W,L,A,W,Y,Q,Q,K,P,G,K,A,P,K,L,L,I,Y,G,A,S,N,L,E,S,G,V,P,-,S,R,F,S,G,S,G,-,-,S,G,T,D,F,T,L,T,I,S,S,L,Q,P,E,D,F,A,N,Y,Y,C,Q,Q,A,N,-,-,-,S,F,P,W,T,F,G,Q,G,T,K,V,E,I,K
3,Actoxumab,rhesus,K,D,I,Q,M,T,Q,S,P,S,S,V,S,A,S,V,G,D,R,V,T,-,I,T,C,R,A,S,Q,G,-,-,-,-,-,-,I,S,S,W,L,A,W,Y,Q,H,K,P,G,K,A,P,K,L,L,I,Y,A,A,S,S,L,Q,S,G,V,P,-,S,R,F,S,G,S,G,-,-,S,G,T,D,F,T,L,T,I,S,S,L,Q,P,E,D,F,A,T,Y,Y,C,Q,Q,A,N,-,-,-,S,F,P,W,T,F,G,Q,G,T,K,V,E,I,K
4,Adalimumab,human,K,D,I,Q,M,T,Q,S,P,S,S,L,S,A,S,V,G,D,R,V,T,I,T,C,R,A,S,Q,G,I,-,-,-,-,-,-,R,N,Y,L,A,W,Y,Q,Q,K,P,G,K,A,P,K,L,L,I,Y,A,A,S,T,L,Q,S,G,V,P,-,S,R,F,S,G,S,G,-,-,S,G,T,D,F,T,L,T,I,S,S,L,Q,P,E,D,V,A,T,Y,Y,C,Q,R,Y,N,R,-,-,-,-,A,P,Y,T,F,G,Q,G,T,K,V,E,I,K
5,Aducanumab,human,K,D,I,Q,M,T,Q,S,P,S,S,L,S,A,S,V,G,D,R,V,T,I,T,C,R,A,S,Q,S,I,-,-,-,-,-,-,S,S,Y,L,N,W,Y,Q,Q,K,P,G,K,A,P,K,L,L,I,Y,A,A,S,S,L,Q,S,G,V,P,-,S,R,F,S,G,S,G,-,-,S,G,T,D,F,T,L,T,I,S,S,L,Q,P,E,D,F,A,T,Y,Y,C,Q,Q,S,Y,S,-,-,-,-,T,P,L,T,F,G,G,G,T,K,V,E,I,K
6,Alemtuzumab,rhesus,K,D,I,Q,M,T,Q,S,P,S,S,L,S,A,S,V,G,D,R,V,T,-,I,T,C,K,A,S,Q,N,-,-,-,-,-,-,I,D,K,Y,L,N,W,Y,Q,Q,K,P,G,K,A,P,K,L,L,I,Y,N,T,N,N,L,Q,T,G,V,P,-,S,R,F,S,G,S,G,-,-,S,G,T,D,F,T,F,T,I,S,S,L,Q,P,E,D,I,A,T,Y,Y,C,L,Q,H,I,-,-,-,S,R,P,R,T,F,G,Q,G,T,K,V,E,I,K
7,Alirocumab,human,K,D,I,V,M,T,Q,S,P,D,S,L,A,V,S,L,G,E,R,A,T,I,N,C,K,S,S,Q,S,V,L,Y,R,S,N,N,R,N,F,L,G,W,Y,Q,Q,K,P,G,Q,P,P,N,L,L,I,Y,W,A,S,T,R,E,S,G,V,P,-,D,R,F,S,G,S,G,-,-,S,G,T,D,F,T,L,T,I,S,S,L,Q,A,E,D,V,A,V,Y,Y,C,Q,Q,Y,Y,T,-,-,-,-,T,P,Y,T,F,G,Q,G,T,K,L,E,I,K
8,Amatuximab,mouse,K,D,I,E,L,T,Q,S,P,A,I,M,S,A,S,P,G,E,K,V,T,M,T,C,S,A,S,S,S,V,-,-,-,-,-,-,-,S,Y,M,H,W,Y,Q,Q,K,S,G,T,S,P,K,R,W,I,Y,D,T,S,K,L,A,S,G,V,P,-,G,R,F,S,G,S,G,-,-,S,G,N,S,Y,S,L,T,I,S,S,V,E,A,E,D,D,A,T,Y,Y,C,Q,Q,W,S,K,-,-,-,-,H,P,L,T,F,G,S,G,T,K,V,E,I,K
9,Andecaliximab,human,K,D,I,Q,M,T,Q,S,P,S,S,L,S,A,S,V,G,D,R,V,T,I,T,C,K,A,S,Q,D,V,-,-,-,-,-,-,R,N,T,V,A,W,Y,Q,Q,K,P,G,K,A,P,K,L,L,I,Y,S,S,S,Y,R,N,T,G,V,P,-,D,R,F,S,G,S,G,-,-,S,G,T,D,F,T,L,T,I,S,S,L,Q,A,E,D,V,A,V,Y,Y,C,Q,Q,H,Y,I,-,-,-,-,T,P,Y,T,F,G,G,G,T,K,V,E,I,K
10,Anetumab,rhesus,L,D,I,A,L,T,Q,P,A,S,-,V,S,G,S,P,G,Q,S,I,T,I,S,C,T,G,T,S,S,D,I,G,-,-,-,G,Y,N,S,V,S,W,Y,Q,Q,H,P,G,K,A,P,K,L,M,I,Y,G,V,N,N,R,P,S,G,V,S,-,N,R,F,S,G,S,K,-,-,S,G,N,T,A,S,L,T,I,S,G,L,Q,A,E,D,E,A,D,Y,Y,C,S,S,Y,D,I,E,-,-,S,A,T,P,V,F,G,G,G,T,K,L,T,V,L
11,Anifrolumab,human,K,E,I,V,L,T,Q,S,P,G,T,L,S,L,S,P,G,E,R,A,T,L,S,C,R,A,S,Q,S,V,S,-,-,-,-,-,S,S,F,F,A,W,Y,Q,Q,K,P,G,Q,A,P,R,L,L,I,Y,G,A,S,S,R,A,T,G,I,P,-,D,R,L,S,G,S,G,-,-,S,G,T,D,F,T,L,T,I,T,R,L,E,P,E,D,F,A,V,Y,Y,C,Q,Q,Y,D,S,-,-,-,-,S,A,I,T,F,G,Q,G,T,R,L,E,I,K
12,Anrukinzumab,rhesus,K,D,I,Q,M,T,Q,S,P,S,S,L,S,A,S,V,G,D,R,V,T,-,I,T,C,K,A,S,E,S,V,D,-,-,N,Y,G,K,S,L,M,H,W,Y,Q,Q,K,P,G,K,A,P,K,L,L,I,Y,R,A,S,N,L,E,S,G,V,P,-,S,R,F,S,G,S,G,-,-,S,G,T,D,F,T,L,T,I,S,S,L,Q,P,E,D,F,A,T,Y,Y,C,Q,Q,S,N,-,-,-,E,D,P,W,T,F,G,G,G,T,K,V,E,I,K
13,Ascrinvacumab,human,K,E,I,V,L,T,Q,S,P,G,T,L,S,L,S,P,G,E,R,A,T,L,S,C,R,A,S,Q,S,V,S,-,-,-,-,-,S,S,Y,L,A,W,Y,Q,Q,K,P,G,Q,A,P,R,L,L,I,Y,G,T,S,S,R,A,T,G,I,P,-,D,R,F,S,G,S,G,-,-,S,G,T,D,F,T,L,T,I,S,R,L,E,P,E,D,F,A,V,Y,Y,C,Q,Q,Y,G,S,-,-,-,-,S,P,I,T,F,G,Q,G,T,R,L,E,I,K
14,Atezolizumab,human,K,D,I,Q,M,T,Q,S,P,S,S,L,S,A,S,V,G,D,R,V,T,I,T,C,R,A,S,Q,D,V,-,-,-,-,-,-,S,T,A,V,A,W,Y,Q,Q,K,P,G,K,A,P,K,L,L,I,Y,S,A,S,F,L,Y,S,G,V,P,-,S,R,F,S,G,S,G,-,-,S,G,T,D,F,T,L,T,I,S,S,L,Q,P,E,D,F,A,T,Y,Y,C,Q,Q,Y,L,Y,-,-,-,-,H,P,A,T,F,G,Q,G,T,K,V,E,I,K
15,Atidortoxumab,human,K,D,I,Q,M,T,Q,S,P,S,S,V,S,A,S,V,G,D,R,V,T,I,T,C,R,A,S,Q,G,I,-,-,-,-,-,-,S,R,W,L,A,W,Y,Q,Q,K,P,G,K,A,P,K,L,L,I,Y,A,A,S,S,L,Q,S,G,V,P,-,S,R,F,S,G,S,G,-,-,S,G,T,D,F,T,L,T,I,S,S,L,Q,P,E,D,F,A,T,Y,Y,C,Q,Q,G,Y,V,-,-,-,-,F,P,L,T,F,G,G,G,T,K,V,E,I,K
16,Avelumab,human,L,Q,S,A,L,T,Q,P,A,S,-,V,S,G,S,P,G,Q,S,I,T,I,S,C,T,G,T,S,S,D,V,G,-,-,-,G,Y,N,Y,V,S,W,Y,Q,Q,H,P,G,K,A,P,K,L,M,I,Y,D,V,S,N,R,P,S,G,V,S,-,N,R,F,S,G,S,K,-,-,S,G,N,T,A,S,L,T,I,S,G,L,Q,A,E,D,E,A,D,Y,Y,C,S,S,Y,T,S,-,-,-,S,S,T,R,V,F,G,T,G,T,K,V,T,V,L
17,Bapineuzumab,rhesus,K,D,V,V,M,T,Q,S,P,L,S,L,P,V,T,P,G,E,P,A,S,-,I,S,C,K,S,S,Q,S,L,L,D,-,S,D,G,K,T,Y,L,N,W,L,L,Q,K,P,G,Q,S,P,Q,R,L,I,Y,L,V,S,K,L,D,S,G,V,P,-,D,R,F,S,G,S,G,-,-,S,G,T,D,F,T,L,K,I,S,R,V,E,A,E,D,V,G,V,Y,Y,C,W,Q,G,T,-,-,-,H,F,P,R,T,F,G,Q,G,T,K,V,E,I,K
18,Basiliximab,mouse,K,Q,I,V,S,T,Q,S,P,A,I,M,S,A,S,P,G,E,K,V,T,M,T,C,S,A,S,S,S,R,-,-,-,-,-,-,-,S,Y,M,Q,W,Y,Q,Q,K,P,G,T,S,P,K,R,W,I,Y,D,T,S,K,L,A,S,G,V,P,-,A,R,F,S,G,S,G,-,-,S,G,T,S,Y,S,L,T,I,S,S,M,E,A,E,D,A,A,T,Y,Y,C,H,Q,R,S,-,-,-,-,-,-,S,Y,T,F,G,G,G,T,K,L,E,I,K
19,Bavituximab,rat,K,D,I,Q,M,T,Q,S,P,S,S,L,S,A,S,L,G,E,R,V,S,L,T,C,R,A,S,Q,D,I,-,-,-,-,-,-,G,S,S,L,N,W,L,Q,Q,G,P,D,G,T,I,K,R,L,I,Y,A,T,S,S,L,D,S,G,V,P,-,K,R,F,S,G,S,R,-,-,S,G,S,D,Y,S,L,T,I,S,S,L,E,S,E,D,F,V,D,Y,Y,C,L,Q,Y,V,S,-,-,-,-,S,P,P,T,F,G,A,G,T,K,L,E,L,K
20,Belimumab,rhesus,L,S,S,E,L,T,Q,D,P,A,-,V,S,V,A,L,G,Q,T,V,R,V,T,C,Q,G,D,S,L,R,-,-,-,-,-,-,S,Y,Y,A,S,W,Y,Q,Q,K,P,G,Q,A,P,V,L,V,I,Y,G,K,N,N,R,P,S,G,I,P,-,D,R,F,S,G,S,S,-,-,S,G,N,T,A,S,L,T,I,T,G,A,Q,A,E,D,E,A,D,Y,Y,C,S,S,R,D,S,S,-,-,G,N,H,W,V,F,G,G,G,T,E,L,T,V,L
21,Benralizumab,human,K,D,I,Q,M,T,Q,S,P,S,S,L,S,A,S,V,G,D,R,V,T,I,T,C,G,T,S,E,D,I,-,-,-,-,-,-,I,N,Y,L,N,W,Y,Q,Q,K,P,G,K,A,P,K,L,L,I,Y,H,T,S,R,L,Q,S,G,V,P,-,S,R,F,S,G,S,G,-,-,S,G,T,D,F,T,L,T,I,S,S,L,Q,P,E,D,F,A,T,Y,Y,C,Q,Q,G,Y,T,-,-,-,-,L,P,Y,T,F,G,Q,G,T,K,V,E,I,K
22,Berlimatoxumab,human,K,D,I,Q,M,T,Q,S,P,S,S,L,S,A,S,V,G,D,R,V,T,I,T,C,R,A,S,Q,S,I,-,-,-,-,-,-,N,S,Y,L,N,W,Y,Q,Q,K,P,G,K,A,P,K,L,L,I,Y,A,A,S,S,L,Q,S,G,V,P,-,S,R,F,S,G,S,G,-,-,S,G,T,D,F,T,L,T,I,S,S,L,Q,P,E,D,F,A,T,Y,Y,C,Q,Q,Q,F,D,-,-,-,-,P,P,F,T,F,G,G,G,T,K,V,E,I,K
23,Bevacizumab,rhesus,K,D,I,Q,M,T,Q,S,P,S,S,L,S,A,S,V,G,D,R,V,T,-,I,T,C,S,A,S,Q,D,-,-,-,-,-,-,I,S,N,Y,L,N,W,Y,Q,Q,K,P,G,K,A,P,K,V,L,I,Y,F,T,S,S,L,H,S,G,V,P,-,S,R,F,S,G,S,G,-,-,S,G,T,D,F,T,L,T,I,S,S,L,Q,P,E,D,F,A,T,Y,Y,C,Q,Q,Y,S,-,-,-,T,V,P,W,T,F,G,Q,G,T,K,V,E,I,K
24,Bezlotoxumab,rhesus,K,E,I,V,L,T,Q,S,P,G,T,L,S,L,S,P,G,E,R,A,T,-,L,S,C,R,A,S,Q,S,V,-,-,-,-,-,S,S,S,Y,L,A,W,Y,Q,Q,K,P,G,Q,A,P,R,L,L,I,Y,G,A,S,S,R,A,T,G,I,P,-,D,R,F,S,G,S,G,-,-,S,G,T,D,F,T,L,T,I,S,R,L,E,P,E,D,F,A,V,Y,Y,C,Q,Q,Y,G,-,-,-,S,S,T,W,T,F,G,Q,G,T,K,V,E,I,K
25,Bimagrumab,rhesus,L,Q,S,A,L,T,Q,P,A,S,-,V,S,G,S,P,G,Q,S,I,T,I,S,C,T,G,T,S,S,D,V,G,-,-,-,S,Y,N,Y,V,N,W,Y,Q,Q,H,P,G,K,A,P,K,L,M,I,Y,G,V,S,K,R,P,S,G,V,S,-,N,R,F,S,G,S,K,-,-,S,G,N,T,A,S,L,T,I,S,G,L,Q,A,E,D,E,A,D,Y,Y,C,G,T,F,A,G,G,-,-,S,Y,Y,G,V,F,G,G,G,T,K,L,T,V,L
26,Bimekizumab,rhesus,K,A,I,Q,L,T,Q,S,P,S,S,L,S,A,S,V,G,D,R,V,T,-,I,T,C,R,A,D,E,S,-,-,-,-,-,-,V,R,T,L,M,H,W,Y,Q,Q,K,P,G,K,A,P,K,L,L,I,Y,L,V,S,N,S,E,I,G,V,P,-,D,R,F,S,G,S,G,-,-,S,G,T,D,F,R,L,T,I,S,S,L,Q,P,E,D,F,A,T,Y,Y,C,Q,Q,T,W,-,-,-,S,D,P,W,T,F,G,Q,G,T,K,V,E,I,K
27,Bleselumab,human,K,A,I,Q,L,T,Q,S,P,S,S,L,S,A,S,V,G,D,R,V,T,I,T,C,R,A,S,Q,G,I,-,-,-,-,-,-,S,S,A,L,A,W,Y,Q,Q,K,P,G,K,A,P,K,L,L,I,Y,D,A,S,N,L,E,S,G,V,P,-,S,R,F,S,G,S,G,-,-,S,G,T,D,F,T,L,T,I,S,S,L,Q,P,E,D,F,A,T,Y,Y,C,Q,Q,F,N,-,-,-,-,-,S,Y,P,T,F,G,Q,G,T,K,V,E,I,K
28,Blosozumab,human,K,D,I,Q,M,T,Q,S,P,S,S,L,S,A,S,V,G,D,R,V,T,I,T,C,K,A,S,Q,D,V,-,-,-,-,-,-,H,T,A,V,A,W,Y,Q,Q,K,P,G,K,A,P,K,L,L,I,Y,W,A,S,T,R,W,T,G,V,P,-,S,R,F,S,G,S,G,-,-,S,G,T,D,F,T,L,T,I,S,S,L,Q,P,E,D,F,A,T,Y,Y,C,Q,Q,Y,S,D,-,-,-,-,Y,P,W,T,F,G,G,G,T,K,V,E,I,K
29,Bococizumab,human,K,D,I,Q,M,T,Q,S,P,S,S,L,S,A,S,V,G,D,R,V,T,I,T,C,R,A,S,Q,G,I,-,-,-,-,-,-,S,S,A,L,A,W,Y,Q,Q,K,P,G,K,A,P,K,L,L,I,Y,S,A,S,Y,R,Y,T,G,V,P,-,S,R,F,S,G,S,G,-,-,S,G,T,D,F,T,F,T,I,S,S,L,Q,P,E,D,I,A,T,Y,Y,C,Q,Q,R,Y,S,-,-,-,-,L,W,R,T,F,G,Q,G,T,K,L,E,I,K
30,Brazikumab,rhesus,L,Q,S,V,L,T,Q,P,P,S,-,V,S,G,A,P,G,Q,R,V,T,I,S,C,T,G,S,S,S,N,T,G,-,-,-,A,G,Y,D,V,H,W,Y,Q,Q,V,P,G,T,A,P,K,L,L,I,Y,G,S,G,N,R,P,S,G,V,P,-,D,R,F,S,G,S,K,-,-,S,G,T,S,A,S,L,A,I,T,G,L,Q,A,E,D,E,A,D,Y,Y,C,Q,S,Y,D,S,S,-,-,L,S,G,W,V,F,G,G,G,T,R,L,T,V,L
31,Brentuximab,mouse,K,D,I,V,L,T,Q,S,P,A,S,L,A,V,S,L,G,Q,R,A,T,I,S,C,K,A,S,Q,S,V,D,F,-,-,D,G,D,S,Y,M,N,W,Y,Q,Q,K,P,G,Q,P,P,K,V,L,I,Y,A,A,S,N,L,E,S,G,I,P,-,A,R,F,S,G,S,G,-,-,S,G,T,D,F,T,L,N,I,H,P,V,E,E,E,D,A,A,T,Y,Y,C,Q,Q,S,N,E,-,-,-,-,D,P,W,T,F,G,G,G,T,K,L,E,I,K
32,Briakinumab,rhesus,L,Q,S,V,L,T,Q,P,P,S,-,V,S,G,A,P,G,Q,R,V,T,I,S,C,S,G,S,R,S,N,I,-,-,-,-,G,S,N,T,V,K,W,Y,Q,Q,L,P,G,T,A,P,K,L,L,I,Y,Y,N,D,Q,R,P,S,G,V,P,-,D,R,F,S,G,S,K,-,-,S,G,T,S,A,S,L,A,I,T,G,L,Q,A,E,D,E,A,D,Y,Y,C,Q,S,Y,D,R,Y,-,T,H,P,A,L,L,F,G,T,G,T,K,V,T,V,L
33,Brodalumab,human,K,E,I,V,M,T,Q,S,P,A,T,L,S,V,S,P,G,E,R,A,T,L,S,C,R,A,S,Q,S,V,-,-,-,-,-,-,S,S,N,L,A,W,F,Q,Q,K,P,G,Q,A,P,R,P,L,I,Y,D,A,S,T,R,A,T,G,V,P,-,A,R,F,S,G,S,G,-,-,S,G,T,D,F,T,L,T,I,S,S,L,Q,S,E,D,F,A,V,Y,Y,C,Q,Q,Y,D,N,-,-,-,-,W,P,L,T,F,G,G,G,T,K,V,E,I,K
34,Burosumab,human,K,A,I,Q,L,T,Q,S,P,S,S,L,S,A,S,V,G,D,R,V,T,I,T,C,R,A,S,Q,G,I,-,-,-,-,-,-,S,S,A,L,V,W,Y,Q,Q,K,P,G,K,A,P,K,L,L,I,Y,D,A,S,S,L,E,S,G,V,P,-,S,R,F,S,G,S,G,-,-,S,G,T,D,F,T,L,T,I,S,S,L,Q,P,E,D,F,A,T,Y,Y,C,Q,Q,F,N,-,-,-,-,-,D,Y,F,T,F,G,P,G,T,K,V,D,I,K
35,Camrelizumab,rhesus,K,D,I,Q,M,T,Q,S,P,S,S,L,S,A,S,V,G,D,R,V,T,-,I,T,C,L,A,S,Q,T,-,-,-,-,-,-,I,G,T,W,L,T,W,Y,Q,Q,K,P,G,K,A,P,K,L,L,I,Y,T,A,T,S,L,A,D,G,V,P,-,S,R,F,S,G,S,G,-,-,S,G,T,D,F,T,L,T,I,S,S,L,Q,P,E,D,F,A,T,Y,Y,C,Q,Q,V,Y,-,-,-,S,I,P,W,T,F,G,G,G,T,K,V,E,I,K
36,Canakinumab,human,K,E,I,V,L,T,Q,S,P,D,F,Q,S,V,T,P,K,E,K,V,T,I,T,C,R,A,S,Q,S,I,-,-,-,-,-,-,G,S,S,L,H,W,Y,Q,Q,K,P,D,Q,S,P,K,L,L,I,K,Y,A,S,Q,S,F,S,G,V,P,-,S,R,F,S,G,S,G,-,-,S,G,T,D,F,T,L,T,I,N,S,L,E,A,E,D,A,A,A,Y,Y,C,H,Q,S,S,S,-,-,-,-,L,P,F,T,F,G,P,G,T,K,V,D,I,K
37,Carlumab,human,K,E,I,V,L,T,Q,S,P,A,T,L,S,L,S,P,G,E,R,A,T,L,S,C,R,A,S,Q,S,V,S,-,-,-,-,-,D,A,Y,L,A,W,Y,Q,Q,K,P,G,Q,A,P,R,L,L,I,Y,D,A,S,S,R,A,T,G,V,P,-,A,R,F,S,G,S,G,-,-,S,G,T,D,F,T,L,T,I,S,S,L,E,P,E,D,F,A,V,Y,Y,C,H,Q,Y,I,Q,-,-,-,L,H,S,F,T,F,G,Q,G,T,K,V,E,I,K
38,Carotuximab,mouse,K,Q,I,V,L,S,Q,S,P,A,I,L,S,A,S,P,G,E,K,V,T,M,T,C,R,A,S,S,S,V,-,-,-,-,-,-,-,S,Y,M,H,W,Y,Q,Q,K,P,G,S,S,P,K,P,W,I,Y,A,T,S,N,L,A,S,G,V,P,-,V,R,F,S,G,S,G,-,-,S,G,T,S,Y,S,L,T,I,S,R,V,E,A,E,D,A,A,T,Y,Y,C,Q,Q,W,S,S,-,-,-,-,N,P,L,T,F,G,A,G,T,K,L,E,L,K
39,Certolizumab,human,K,D,I,Q,M,T,Q,S,P,S,S,L,S,A,S,V,G,D,R,V,T,I,T,C,K,A,S,Q,N,V,-,-,-,-,-,-,G,T,N,V,A,W,Y,Q,Q,K,P,G,K,A,P,K,A,L,I,Y,S,A,S,F,L,Y,S,G,V,P,-,Y,R,F,S,G,S,G,-,-,S,G,T,D,F,T,L,T,I,S,S,L,Q,P,E,D,F,A,T,Y,Y,C,Q,Q,Y,N,I,-,-,-,-,Y,P,L,T,F,G,Q,G,T,K,V,E,I,K
40,Cetuximab,mouse,K,D,I,L,L,T,Q,S,P,V,I,L,S,V,S,P,G,E,R,V,S,F,S,C,R,A,S,Q,S,I,-,-,-,-,-,-,G,T,N,I,H,W,Y,Q,Q,R,T,N,G,S,P,R,L,L,I,K,Y,A,S,E,S,I,S,G,I,P,-,S,R,F,S,G,S,G,-,-,S,G,T,D,F,T,L,S,I,N,S,V,E,S,E,D,I,A,D,Y,Y,C,Q,Q,N,N,N,-,-,-,-,W,P,T,T,F,G,A,G,T,K,L,E,L,K
41,Cixutumumab,rhesus,L,S,S,E,L,T,Q,D,P,A,-,V,S,V,A,L,G,Q,T,V,R,I,T,C,Q,G,D,S,L,R,-,-,-,-,-,-,S,Y,Y,A,T,W,Y,Q,Q,K,P,G,Q,A,P,I,L,V,I,Y,G,E,N,K,R,P,S,G,I,P,-,D,R,F,S,G,S,S,-,-,S,G,N,T,A,S,L,T,I,T,G,A,Q,A,E,D,E,A,D,Y,Y,C,K,S,R,D,G,S,-,-,G,Q,H,L,V,F,G,G,G,T,K,L,T,V,L
42,Clazakizumab,human,K,A,I,Q,M,T,Q,S,P,S,S,L,S,A,S,V,G,D,R,V,T,I,T,C,Q,A,S,Q,S,I,-,-,-,-,-,-,N,N,E,L,S,W,Y,Q,Q,K,P,G,K,A,P,K,L,L,I,Y,R,A,S,T,L,A,S,G,V,P,-,S,R,F,S,G,S,G,-,-,S,G,T,D,F,T,L,T,I,S,S,L,Q,P,D,D,F,A,T,Y,Y,C,Q,Q,G,Y,S,L,-,R,N,I,D,N,A,F,G,G,G,T,K,V,E,I,K
43,Codrituzumab,rhesus,K,D,V,V,M,T,Q,S,P,L,S,L,P,V,T,P,G,E,P,A,S,-,I,S,C,R,S,S,Q,S,L,V,H,-,S,N,R,N,T,Y,L,H,W,Y,L,Q,K,P,G,Q,S,P,Q,L,L,I,Y,K,V,S,N,R,F,S,G,V,P,-,D,R,F,S,G,S,G,-,-,S,G,T,D,F,T,L,K,I,S,R,V,E,A,E,D,V,G,V,Y,Y,C,S,Q,N,T,-,-,-,H,V,P,P,T,F,G,Q,G,T,K,L,E,I,K
44,Coltuximab,mouse,K,E,I,V,L,T,Q,S,P,A,I,M,S,A,S,P,G,E,R,V,T,M,T,C,S,A,S,S,G,V,-,-,-,-,-,-,-,N,Y,M,H,W,Y,Q,Q,K,P,G,T,S,P,R,R,W,I,Y,D,T,S,K,L,A,S,G,V,P,-,A,R,F,S,G,S,G,-,-,S,G,T,D,Y,S,L,T,I,S,S,M,E,P,E,D,A,A,T,Y,Y,C,H,Q,R,G,-,-,-,-,-,-,S,Y,T,F,G,G,G,T,K,L,E,I,K
45,Concizumab,rhesus,K,D,I,V,M,T,Q,T,P,L,S,L,S,V,T,P,G,Q,P,A,S,-,I,S,C,K,S,S,Q,S,L,L,E,-,S,D,G,K,T,Y,L,N,W,Y,L,Q,K,P,G,Q,S,P,Q,L,L,I,Y,L,V,S,I,L,D,S,G,V,P,-,D,R,F,S,G,S,G,-,-,S,G,T,D,F,T,L,K,I,S,R,V,E,A,E,D,V,G,V,Y,Y,C,L,Q,A,T,-,-,-,H,F,P,Q,T,F,G,G,G,T,K,V,E,I,K
46,Crenezumab,rhesus,K,D,I,V,M,T,Q,S,P,L,S,L,P,V,T,P,G,E,P,A,S,-,I,S,C,R,S,S,Q,S,L,V,Y,-,S,N,G,D,T,Y,L,H,W,Y,L,Q,K,P,G,Q,S,P,Q,L,L,I,Y,K,V,S,N,R,F,S,G,V,P,-,D,R,F,S,G,S,G,-,-,S,G,T,D,F,T,L,K,I,S,R,V,E,A,E,D,V,G,V,Y,Y,C,S,Q,S,T,-,-,-,H,V,P,W,T,F,G,Q,G,T,K,V,E,I,K
47,Crizanlizumab,human,K,D,I,Q,M,T,Q,S,P,S,S,L,S,A,S,V,G,D,R,V,T,I,T,C,K,A,S,Q,S,V,D,Y,-,-,D,G,H,S,Y,M,N,W,Y,Q,Q,K,P,G,K,A,P,K,L,L,I,Y,A,A,S,N,L,E,S,G,V,P,-,S,R,F,S,G,S,G,-,-,S,G,T,D,F,T,L,T,I,S,S,L,Q,P,E,D,F,A,T,Y,Y,C,Q,Q,S,D,E,-,-,-,-,N,P,L,T,F,G,G,G,T,K,V,E,I,K
48,Dacetuzumab,rhesus,K,D,I,Q,M,T,Q,S,P,S,S,L,S,A,S,V,G,D,R,V,T,-,I,T,C,R,S,S,Q,S,L,V,H,-,S,N,G,N,T,F,L,H,W,Y,Q,Q,K,P,G,K,A,P,K,L,L,I,Y,T,V,S,N,R,F,S,G,V,P,-,S,R,F,S,G,S,G,-,-,S,G,T,D,F,T,L,T,I,S,S,L,Q,P,E,D,F,A,T,Y,F,C,S,Q,T,T,-,-,-,H,V,P,W,T,F,G,Q,G,T,K,V,E,I,K
49,Daclizumab,human,K,D,I,Q,M,T,Q,S,P,S,T,L,S,A,S,V,G,D,R,V,T,I,T,C,S,A,S,S,S,I,-,-,-,-,-,-,-,S,Y,M,H,W,Y,Q,Q,K,P,G,K,A,P,K,L,L,I,Y,T,T,S,N,L,A,S,G,V,P,-,A,R,F,S,G,S,G,-,-,S,G,T,E,F,T,L,T,I,S,S,L,Q,P,D,D,F,A,T,Y,Y,C,H,Q,R,S,T,-,-,-,-,Y,P,L,T,F,G,Q,G,T,K,V,E,V,K
50,Dalotuzumab,rhesus,K,D,I,V,M,T,Q,S,P,L,S,L,P,V,T,P,G,E,P,A,S,-,I,S,C,R,S,S,Q,S,I,V,H,-,S,N,G,N,T,Y,L,Q,W,Y,L,Q,K,P,G,Q,S,P,Q,L,L,I,Y,K,V,S,N,R,L,Y,G,V,P,-,D,R,F,S,G,S,G,-,-,S,G,T,D,F,T,L,K,I,S,R,V,E,A,E,D,V,G,V,Y,Y,C,F,Q,G,S,-,-,-,H,V,P,W,T,F,G,Q,G,T,K,V,E,I,K
51,Daratumumab,human,K,E,I,V,L,T,Q,S,P,A,T,L,S,L,S,P,G,E,R,A,T,L,S,C,R,A,S,Q,S,V,-,-,-,-,-,-,S,S,Y,L,A,W,Y,Q,Q,K,P,G,Q,A,P,R,L,L,I,Y,D,A,S,N,R,A,T,G,I,P,-,A,R,F,S,G,S,G,-,-,S,G,T,D,F,T,L,T,I,S,S,L,E,P,E,D,F,A,V,Y,Y,C,Q,Q,R,S,N,-,-,-,-,W,P,P,T,F,G,Q,G,T,K,V,E,I,K
52,Dectrekumab,human,K,E,I,V,L,T,Q,S,P,A,T,L,S,L,S,P,G,E,R,A,I,L,S,C,R,A,G,Q,S,V,-,-,-,-,-,-,S,S,Y,L,V,W,Y,Q,Q,K,P,G,Q,A,P,R,L,L,I,Y,D,A,S,N,R,A,T,G,I,P,-,A,R,F,S,G,S,G,-,-,S,G,T,D,F,T,L,T,I,S,S,L,E,P,E,D,F,A,V,Y,Y,C,Q,Q,R,S,S,W,-,-,P,P,V,Y,T,F,G,Q,G,T,K,L,E,I,K
53,Denosumab,human,K,E,I,V,L,T,Q,S,P,G,T,L,S,L,S,P,G,E,R,A,T,L,S,C,R,A,S,Q,S,V,R,-,-,-,-,-,G,R,Y,L,A,W,Y,Q,Q,K,P,G,Q,A,P,R,L,L,I,Y,G,A,S,S,R,A,T,G,I,P,-,D,R,F,S,G,S,G,-,-,S,G,T,D,F,T,L,T,I,S,R,L,E,P,E,D,F,A,V,F,Y,C,Q,Q,Y,G,S,-,-,-,-,S,P,R,T,F,G,Q,G,T,K,V,E,I,K
54,Derlotuximab,mouse,K,E,N,V,L,T,Q,S,P,A,I,M,S,A,S,P,G,E,K,V,T,M,T,C,R,A,S,S,S,V,S,-,-,-,-,-,S,S,Y,L,H,W,Y,Q,Q,K,S,G,A,S,P,K,L,W,I,Y,S,T,S,N,L,A,S,G,V,P,-,A,R,F,S,G,S,G,-,-,S,G,T,S,Y,S,L,T,I,S,S,V,E,A,E,D,A,A,T,Y,Y,C,Q,Q,Y,S,G,-,-,-,-,Y,P,L,T,F,G,G,G,T,K,L,E,I,K
55,Dinutuximab,human,K,E,I,V,M,T,Q,S,P,A,T,L,S,V,S,P,G,E,R,A,T,L,S,C,R,S,S,Q,S,L,V,H,R,-,N,G,N,T,Y,L,H,W,Y,L,Q,K,P,G,Q,S,P,K,L,L,I,H,K,V,S,N,R,F,S,G,V,P,-,D,R,F,S,G,S,G,-,-,S,G,T,D,F,T,L,K,I,S,R,V,E,A,E,D,L,G,V,Y,F,C,S,Q,S,T,H,-,-,-,V,P,P,L,T,F,G,A,G,T,K,L,E,L,K
56,Domagrozumab,human,K,D,I,Q,M,T,Q,S,P,S,S,L,S,A,S,V,G,D,R,V,T,I,T,C,K,A,S,Q,D,V,-,-,-,-,-,-,S,T,A,V,A,W,Y,Q,Q,K,P,G,K,A,P,K,L,L,I,Y,S,A,S,Y,R,Y,T,G,V,P,-,S,R,F,S,G,S,G,-,-,S,G,T,D,F,T,L,T,I,S,S,L,Q,P,E,D,F,A,T,Y,Y,C,Q,Q,H,Y,S,-,-,-,-,T,P,W,T,F,G,G,G,T,K,V,E,I,K
57,Drozitumab,rhesus,L,-,S,E,L,T,Q,D,P,A,-,V,S,V,A,L,G,Q,T,V,R,I,T,C,S,G,D,S,L,R,-,-,-,-,-,-,S,Y,Y,A,S,W,Y,Q,Q,K,P,G,Q,A,P,V,L,V,I,Y,G,A,N,N,R,P,S,G,I,P,-,D,R,F,S,G,S,S,-,-,S,G,N,T,A,S,L,T,I,T,G,A,Q,A,E,D,E,A,D,Y,Y,C,N,S,A,D,S,S,-,-,G,N,H,V,V,F,G,G,G,T,K,L,T,V,L
58,Duligotuzumab,human,K,D,I,Q,M,T,Q,S,P,S,S,L,S,A,S,V,G,D,R,V,T,I,T,C,R,A,S,Q,N,I,-,-,-,-,-,-,A,T,D,V,A,W,Y,Q,Q,K,P,G,K,A,P,K,L,L,I,Y,S,A,S,F,L,Y,S,G,V,P,-,S,R,F,S,G,S,G,-,-,S,G,T,D,F,T,L,T,I,S,S,L,Q,P,E,D,F,A,T,Y,Y,C,Q,Q,S,E,P,-,-,-,-,E,P,Y,T,F,G,Q,G,T,K,V,E,I,K
59,Dupilumab,rhesus,K,D,I,V,M,T,Q,S,P,L,S,L,P,V,T,P,G,E,P,A,S,-,I,S,C,R,S,S,Q,S,L,L,Y,-,S,I,G,Y,N,Y,L,D,W,Y,L,Q,K,S,G,Q,S,P,Q,L,L,I,Y,L,G,S,N,R,A,S,G,V,P,-,D,R,F,S,G,S,G,-,-,S,G,T,D,F,T,L,K,I,S,R,V,E,A,E,D,V,G,F,Y,Y,C,M,Q,A,L,-,-,-,Q,T,P,Y,T,F,G,Q,G,T,K,L,E,I,K
60,Durvalumab,rhesus,K,E,I,V,L,T,Q,S,P,G,T,L,S,L,S,P,G,E,R,A,T,-,L,S,C,R,A,S,Q,R,V,-,-,-,-,-,S,S,S,Y,L,A,W,Y,Q,Q,K,P,G,Q,A,P,R,L,L,I,Y,D,A,S,S,R,A,T,G,I,P,-,D,R,F,S,G,S,G,-,-,S,G,T,D,F,T,L,T,I,S,R,L,E,P,E,D,F,A,V,Y,Y,C,Q,Q,Y,G,-,-,-,S,L,P,W,T,F,G,Q,G,T,K,V,E,I,K
61,Dusigitumab,rhesus,L,Q,S,V,L,T,Q,P,P,S,-,V,S,A,A,P,G,Q,K,V,T,I,S,C,S,G,S,S,S,N,I,-,-,-,-,E,N,N,H,V,S,W,Y,Q,Q,L,P,G,T,A,P,K,L,L,I,Y,D,N,N,K,R,P,S,G,I,P,-,D,R,F,S,G,S,K,-,-,S,G,T,S,A,T,L,G,I,T,G,L,Q,T,G,D,E,A,D,Y,Y,C,E,T,W,D,T,S,-,L,S,A,G,R,V,F,G,G,G,T,K,L,T,V,L
62,Eculizumab,rhesus,K,D,I,Q,M,T,Q,S,P,S,S,L,S,A,S,V,G,D,R,V,T,-,I,T,C,G,A,S,E,N,-,-,-,-,-,-,I,Y,G,A,L,N,W,Y,Q,Q,K,P,G,K,A,P,K,L,L,I,Y,G,A,T,N,L,A,D,G,V,P,-,S,R,F,S,G,S,G,-,-,S,G,T,D,F,T,L,T,I,S,S,L,Q,P,E,D,F,A,T,Y,Y,C,Q,N,V,L,-,-,-,N,T,P,L,T,F,G,Q,G,T,K,V,E,I,K
63,Efalizumab,human,K,D,I,Q,M,T,Q,S,P,S,S,L,S,A,S,V,G,D,R,V,T,I,T,C,R,A,S,K,T,I,-,-,-,-,-,-,S,K,Y,L,A,W,Y,Q,Q,K,P,G,K,A,P,K,L,L,I,Y,S,G,S,T,L,Q,S,G,V,P,-,S,R,F,S,G,S,G,-,-,S,G,T,D,F,T,L,T,I,S,S,L,Q,P,E,D,F,A,T,Y,Y,C,Q,Q,H,N,E,-,-,-,-,Y,P,L,T,F,G,Q,G,T,K,V,E,I,K
64,Eldelumab,human,K,E,I,V,L,T,Q,S,P,G,T,L,S,L,S,P,G,E,R,A,T,L,S,C,R,A,S,Q,S,V,S,-,-,-,-,-,S,S,Y,L,A,W,Y,Q,Q,K,P,G,Q,A,P,R,L,L,I,Y,G,A,S,S,R,A,T,G,I,P,-,D,R,F,S,G,S,G,-,-,S,G,T,D,F,T,L,T,I,S,R,L,E,P,E,D,F,A,V,Y,Y,C,Q,Q,Y,G,S,-,-,-,S,P,I,F,T,F,G,P,G,T,K,V,D,I,K
65,Elotuzumab,human,K,D,I,Q,M,T,Q,S,P,S,S,L,S,A,S,V,G,D,R,V,T,I,T,C,K,A,S,Q,D,V,-,-,-,-,-,-,G,I,A,V,A,W,Y,Q,Q,K,P,G,K,V,P,K,L,L,I,Y,W,A,S,T,R,H,T,G,V,P,-,D,R,F,S,G,S,G,-,-,S,G,T,D,F,T,L,T,I,S,S,L,Q,P,E,D,V,A,T,Y,Y,C,Q,Q,Y,S,S,-,-,-,-,Y,P,Y,T,F,G,Q,G,T,K,V,E,I,K
66,Emapalumab,rhesus,L,N,F,M,L,T,Q,P,H,S,-,V,S,E,S,P,G,K,T,V,T,I,S,C,T,R,S,S,G,S,I,-,-,-,-,A,S,N,Y,V,Q,W,Y,Q,Q,R,P,G,S,S,P,T,T,V,I,Y,E,D,N,Q,R,P,S,G,V,P,-,D,R,F,S,G,S,I,D,S,S,S,N,S,A,S,L,T,I,S,G,L,K,T,E,D,E,A,D,Y,Y,C,Q,S,Y,D,G,-,-,-,S,N,R,W,M,F,G,G,G,T,K,L,T,V,L
67,Emibetuzumab,human,K,D,I,Q,M,T,Q,S,P,S,S,L,S,A,S,V,G,D,R,V,T,I,T,C,S,V,S,S,S,V,S,-,-,-,-,-,S,I,Y,L,H,W,Y,Q,Q,K,P,G,K,A,P,K,L,L,I,Y,S,T,S,N,L,A,S,G,V,P,-,S,R,F,S,G,S,G,-,-,S,G,T,D,F,T,L,T,I,S,S,L,Q,P,E,D,F,A,T,Y,Y,C,Q,V,Y,S,G,-,-,-,-,Y,P,L,T,F,G,G,G,T,K,V,E,I,K
68,Enfortumab,human,K,D,I,Q,M,T,Q,S,P,S,S,V,S,A,S,V,G,D,R,V,T,I,T,C,R,A,S,Q,G,I,-,-,-,-,-,-,S,G,W,L,A,W,Y,Q,Q,K,P,G,K,A,P,K,F,L,I,Y,A,A,S,T,L,Q,S,G,V,P,-,S,R,F,S,G,S,G,-,-,S,G,T,D,F,T,L,T,I,S,S,L,Q,P,E,D,F,A,T,Y,Y,C,Q,Q,A,N,S,-,-,-,-,F,P,P,T,F,G,G,G,T,K,V,E,I,K
69,Enokizumab,human,K,D,I,Q,M,T,Q,S,P,S,S,L,S,A,S,V,G,D,R,V,T,I,T,C,K,A,S,Q,H,V,-,-,-,-,-,-,I,T,H,V,T,W,Y,Q,Q,K,P,G,K,A,P,K,L,L,I,Y,G,T,S,Y,S,Y,S,G,V,P,-,S,R,F,S,G,S,G,-,-,S,G,T,D,F,T,L,T,I,S,S,L,Q,P,E,D,F,A,T,Y,Y,C,Q,Q,F,Y,E,-,-,-,-,Y,P,L,T,F,G,G,G,T,K,V,E,I,K
70,Ensituximab,mouse,K,Q,V,V,L,T,Q,S,P,V,I,M,S,A,S,P,G,E,K,V,T,M,T,C,S,A,S,S,S,I,-,-,-,-,-,-,-,S,Y,M,Y,W,Y,Q,Q,K,P,G,T,S,P,K,R,W,I,Y,D,T,S,K,L,A,S,G,V,P,-,A,R,F,S,G,S,G,-,-,S,G,T,S,Y,S,L,T,I,S,N,M,E,A,G,D,A,A,T,Y,Y,C,H,Q,R,D,S,-,-,-,-,Y,P,W,T,F,G,G,G,T,N,L,E,I,K
71,Epratuzumab,human,K,D,I,Q,L,T,Q,S,P,S,S,L,S,A,S,V,G,D,R,V,T,M,S,C,K,S,S,Q,S,V,L,Y,S,A,N,H,K,N,Y,L,A,W,Y,Q,Q,K,P,G,K,A,P,K,L,L,I,Y,W,A,S,T,R,E,S,G,V,P,-,S,R,F,S,G,S,G,-,-,S,G,T,D,F,T,F,T,I,S,S,L,Q,P,E,D,I,A,T,Y,Y,C,H,Q,Y,L,-,-,-,-,-,S,S,W,T,F,G,G,G,T,K,L,E,I,K
72,Eptinezumab,human,K,-,Q,V,L,T,Q,S,P,S,S,L,S,A,S,V,G,D,R,V,T,I,N,C,Q,A,S,Q,S,V,Y,-,-,-,-,H,N,T,Y,L,A,W,Y,Q,Q,K,P,G,K,V,P,K,Q,L,I,Y,D,A,S,T,L,A,S,G,V,P,-,S,R,F,S,G,S,G,-,-,S,G,T,D,F,T,L,T,I,S,S,L,Q,P,E,D,V,A,T,Y,Y,C,L,G,S,Y,D,C,T,N,G,D,C,F,V,F,G,G,G,T,K,V,E,I,K
73,Erenumab,rhesus,L,Q,S,V,L,T,Q,P,P,S,-,V,S,A,A,P,G,Q,K,V,T,I,S,C,S,G,S,S,S,N,I,-,-,-,-,G,N,N,Y,V,S,W,Y,Q,Q,L,P,G,T,A,P,K,L,L,I,Y,D,N,N,K,R,P,S,G,I,P,-,D,R,F,S,G,S,K,-,-,S,G,T,S,T,T,L,G,I,T,G,L,Q,T,G,D,E,A,D,Y,Y,C,G,T,W,D,S,R,-,-,L,S,A,V,V,F,G,G,G,T,K,L,T,V,L
74,Etaracizumab,human,K,E,I,V,L,T,Q,S,P,A,T,L,S,L,S,P,G,E,R,A,T,L,S,C,Q,A,S,Q,S,I,-,-,-,-,-,-,S,N,F,L,H,W,Y,Q,Q,R,P,G,Q,A,P,R,L,L,I,R,Y,R,S,Q,S,I,S,G,I,P,-,A,R,F,S,G,S,G,-,-,S,G,T,D,F,T,L,T,I,S,S,L,E,P,E,D,F,A,V,Y,Y,C,Q,Q,S,G,S,-,-,-,-,W,P,L,T,F,G,G,G,T,K,V,E,I,K
75,Etrolizumab,rhesus,K,D,I,Q,M,T,Q,S,P,S,S,L,S,A,S,V,G,D,R,V,T,-,I,T,C,R,A,S,E,S,-,-,-,-,-,-,V,D,D,L,L,H,W,Y,Q,Q,K,P,G,K,A,P,K,L,L,I,K,Y,A,S,Q,S,I,S,G,V,P,-,S,R,F,S,G,S,G,-,-,S,G,T,D,F,T,L,T,I,S,S,L,Q,P,E,D,F,A,T,Y,Y,C,Q,Q,G,N,-,-,-,S,L,P,N,T,F,G,Q,G,T,K,V,E,I,K
76,Evinacumab,human,K,D,I,Q,M,T,Q,S,P,S,T,L,S,A,S,V,G,D,R,V,T,I,T,C,R,A,S,Q,S,I,-,-,-,-,-,-,R,S,W,L,A,W,Y,Q,Q,K,P,G,K,A,P,K,L,L,I,Y,K,A,S,S,L,E,S,G,V,P,-,S,R,F,S,G,S,G,-,-,S,G,T,E,F,T,L,T,I,S,S,L,Q,P,D,D,F,A,T,Y,Y,C,Q,Q,Y,N,S,-,-,-,-,Y,S,Y,T,F,G,Q,G,T,K,L,E,I,K
77,Evolocumab,rhesus,L,E,S,A,L,T,Q,P,A,S,-,V,S,G,S,P,G,Q,S,I,T,I,S,C,T,G,T,S,S,D,V,G,-,-,-,G,Y,N,S,V,S,W,Y,Q,Q,H,P,G,K,A,P,K,L,M,I,Y,E,V,S,N,R,P,S,G,V,S,-,N,R,F,S,G,S,K,-,-,S,G,N,T,A,S,L,T,I,S,G,L,Q,A,E,D,E,A,D,Y,Y,C,N,S,Y,T,S,-,-,-,-,T,S,M,V,F,G,G,G,T,K,L,T,V,L
78,Farletuzumab,mouse,K,D,I,Q,L,T,Q,S,P,S,S,L,S,A,S,V,G,D,R,V,T,I,T,C,S,V,S,S,S,I,S,-,-,-,-,-,S,N,N,L,H,W,Y,Q,Q,K,P,G,K,A,P,K,P,W,I,Y,G,T,S,N,L,A,S,G,V,P,-,S,R,F,S,G,S,G,-,-,S,G,T,D,Y,T,F,T,I,S,S,L,Q,P,E,D,I,A,T,Y,Y,C,Q,Q,W,S,S,Y,-,-,P,Y,M,Y,T,F,G,Q,G,T,K,V,E,I,K
79,Fasinumab,rhesus,K,D,I,Q,M,T,Q,S,P,S,S,L,S,A,S,A,G,D,R,V,T,-,I,T,C,R,A,S,Q,A,-,-,-,-,-,-,I,R,N,D,L,G,W,Y,Q,Q,K,P,G,K,A,P,K,R,L,I,Y,A,A,F,N,L,Q,S,G,V,P,-,S,R,F,S,G,S,G,-,-,S,G,T,E,F,T,L,T,I,S,S,L,Q,P,E,D,L,A,S,Y,Y,C,Q,Q,Y,N,-,-,-,R,Y,P,W,T,F,G,Q,G,T,K,V,E,I,K
80,Fezakinumab,rhesus,L,Q,A,V,L,T,Q,P,P,S,-,V,S,G,A,P,G,Q,R,V,T,I,S,C,T,G,S,S,S,N,I,G,-,-,-,A,G,Y,G,V,H,W,Y,Q,Q,L,P,G,T,A,P,K,L,L,I,Y,G,D,S,N,R,P,S,G,V,P,-,D,R,F,S,G,S,K,-,-,S,G,T,S,A,S,L,A,I,T,G,L,Q,A,E,D,E,A,D,Y,Y,C,Q,S,Y,D,N,S,-,-,L,S,G,Y,V,F,G,G,G,T,Q,L,T,V,L
81,Ficlatuzumab,mouse,K,D,I,V,M,T,Q,S,P,D,S,L,A,M,S,L,G,E,R,V,T,L,N,C,K,A,S,E,N,V,-,-,-,-,-,-,V,S,Y,V,S,W,Y,Q,Q,K,P,G,Q,S,P,K,L,L,I,Y,G,A,S,N,R,E,S,G,V,P,-,D,R,F,S,G,S,G,-,-,S,A,T,D,F,T,L,T,I,S,S,V,Q,A,E,D,V,A,D,Y,H,C,G,Q,S,Y,N,-,-,-,-,Y,P,Y,T,F,G,Q,G,T,K,L,E,I,K
82,Figitumumab,human,K,D,I,Q,M,T,Q,F,P,S,S,L,S,A,S,V,G,D,R,V,T,I,T,C,R,A,S,Q,G,I,-,-,-,-,-,-,R,N,D,L,G,W,Y,Q,Q,K,P,G,K,A,P,K,R,L,I,Y,A,A,S,R,L,H,R,G,V,P,-,S,R,F,S,G,S,G,-,-,S,G,T,E,F,T,L,T,I,S,S,L,Q,P,E,D,F,A,T,Y,Y,C,L,Q,H,N,S,-,-,-,-,Y,P,C,S,F,G,Q,G,T,K,L,E,I,K
83,Fletikumab,human,K,A,I,Q,L,T,Q,S,P,S,S,L,S,A,S,V,G,D,R,V,T,I,T,C,R,A,S,Q,G,I,-,-,-,-,-,-,S,S,A,L,A,W,Y,Q,Q,K,P,G,K,A,P,K,L,L,I,Y,D,A,S,S,L,E,S,G,V,P,-,S,R,F,S,G,S,G,-,-,S,G,T,D,F,T,L,T,I,S,S,L,Q,P,E,D,F,A,T,Y,Y,C,Q,Q,F,N,S,-,-,-,-,Y,P,L,T,F,G,G,G,T,K,V,E,I,K
84,Foralumab,human,K,E,I,V,L,T,Q,S,P,A,T,L,S,L,S,P,G,E,R,A,T,L,S,C,R,A,S,Q,S,V,-,-,-,-,-,-,S,S,Y,L,A,W,Y,Q,Q,K,P,G,Q,A,P,R,L,L,I,Y,D,A,S,N,R,A,T,G,I,P,-,A,R,F,S,G,S,G,-,-,S,G,T,D,F,T,L,T,I,S,S,L,E,P,E,D,F,A,V,Y,Y,C,Q,Q,R,S,N,-,-,-,W,P,P,L,T,F,G,G,G,T,K,V,E,I,K
85,Foravirumab,human,K,D,I,Q,M,T,Q,S,P,S,S,L,S,A,S,V,G,D,R,V,T,I,T,C,R,A,S,Q,G,I,-,-,-,-,-,-,R,N,D,L,G,W,Y,Q,Q,K,P,G,K,A,P,K,L,L,I,Y,A,A,S,S,L,Q,S,G,V,P,-,S,R,F,S,G,S,G,-,-,S,G,T,D,F,T,L,T,I,S,S,L,Q,P,E,D,F,A,T,Y,Y,C,Q,Q,L,N,S,-,-,-,-,Y,P,P,T,F,G,G,G,T,K,V,E,I,K
86,Fremanezumab,human,K,E,I,V,L,T,Q,S,P,A,T,L,S,L,S,P,G,E,R,A,T,L,S,C,K,A,S,K,R,V,-,-,-,-,-,-,T,T,Y,V,S,W,Y,Q,Q,K,P,G,Q,A,P,R,L,L,I,Y,G,A,S,N,R,Y,L,G,I,P,-,A,R,F,S,G,S,G,-,-,S,G,T,D,F,T,L,T,I,S,S,L,E,P,E,D,F,A,V,Y,Y,C,S,Q,S,Y,N,-,-,-,-,Y,P,Y,T,F,G,Q,G,T,K,L,E,I,K
87,Fresolimumab,human,K,E,T,V,L,T,Q,S,P,G,T,L,S,L,S,P,G,E,R,A,T,L,S,C,R,A,S,Q,S,L,G,-,-,-,-,-,S,S,Y,L,A,W,Y,Q,Q,K,P,G,Q,A,P,R,L,L,I,Y,G,A,S,S,R,A,P,G,I,P,-,D,R,F,S,G,S,G,-,-,S,G,T,D,F,T,L,T,I,S,R,L,E,P,E,D,F,A,V,Y,Y,C,Q,Q,Y,A,D,-,-,-,-,S,P,I,T,F,G,Q,G,T,R,L,E,I,K
88,Fulranumab,human,K,A,I,Q,L,T,Q,S,P,S,S,L,S,A,S,V,G,D,R,V,T,I,T,C,R,A,S,Q,G,I,-,-,-,-,-,-,S,S,A,L,A,W,Y,Q,Q,K,P,G,K,A,P,K,L,L,I,Y,D,A,S,S,L,E,S,G,V,P,-,S,R,F,S,G,S,G,-,-,S,G,T,D,F,T,L,T,I,S,S,L,Q,P,E,D,F,A,T,Y,Y,C,Q,Q,F,N,S,-,-,-,-,Y,P,L,T,F,G,G,G,T,K,V,E,I,K
89,Futuximab,mouse,K,D,I,Q,M,T,Q,T,T,S,S,L,S,A,S,L,G,D,R,V,T,I,S,C,R,T,S,Q,D,I,-,-,-,-,-,-,G,N,Y,L,N,W,Y,Q,Q,K,P,D,G,T,V,K,L,L,I,Y,Y,T,S,R,L,H,S,G,V,P,-,S,R,F,S,G,S,G,-,-,S,G,T,D,F,S,L,T,I,N,N,V,E,Q,E,D,V,A,T,Y,F,C,Q,H,Y,N,T,-,-,-,-,V,P,P,T,F,G,G,G,T,K,L,E,I,K
90,Galcanezumab,human,K,D,I,Q,M,T,Q,S,P,S,S,L,S,A,S,V,G,D,R,V,T,I,T,C,R,A,S,K,D,I,-,-,-,-,-,-,S,K,Y,L,N,W,Y,Q,Q,K,P,G,K,A,P,K,L,L,I,Y,Y,T,S,G,Y,H,S,G,V,P,-,S,R,F,S,G,S,G,-,-,S,G,T,D,F,T,L,T,I,S,S,L,Q,P,E,D,F,A,T,Y,Y,C,Q,Q,G,D,A,-,-,-,-,L,P,P,T,F,G,G,G,T,K,V,E,I,K
91,Galiximab,rhesus,L,E,S,A,L,T,Q,P,P,S,-,V,S,G,A,P,G,Q,K,V,T,I,S,C,T,G,S,T,S,N,I,-,-,-,-,G,G,Y,D,L,H,W,Y,Q,Q,L,P,G,T,A,P,K,L,L,I,Y,D,I,N,K,R,P,S,G,I,S,-,D,R,F,S,G,S,K,-,-,S,G,T,A,A,S,L,A,I,T,G,L,Q,T,E,D,E,A,D,Y,Y,C,Q,S,Y,D,S,S,-,-,L,N,A,Q,V,F,G,G,G,T,R,L,T,V,L
92,Ganitumab,rhesus,K,D,V,V,M,T,Q,S,P,L,S,L,P,V,T,P,G,E,P,A,S,-,I,S,C,R,S,S,Q,S,L,L,H,-,S,N,G,Y,N,Y,L,D,W,Y,L,Q,K,P,G,Q,S,P,Q,L,L,I,Y,L,G,S,N,R,A,S,G,V,P,-,D,R,F,S,G,S,G,-,-,S,G,T,D,F,T,L,K,I,S,R,V,E,A,E,D,V,G,V,Y,Y,C,M,Q,G,T,-,-,-,H,W,P,L,T,F,G,Q,G,T,K,V,E,I,K
93,Gantenerumab,human,K,D,I,V,L,T,Q,S,P,A,T,L,S,L,S,P,G,E,R,A,T,L,S,C,R,A,S,Q,S,V,S,-,-,-,-,-,S,S,Y,L,A,W,Y,Q,Q,K,P,G,Q,A,P,R,L,L,I,Y,G,A,S,S,R,A,T,G,V,P,-,A,R,F,S,G,S,G,-,-,S,G,T,D,F,T,L,T,I,S,S,L,E,P,E,D,F,A,T,Y,Y,C,L,Q,I,Y,N,-,-,-,-,M,P,I,T,F,G,Q,G,T,K,V,E,I,K
94,Gedivumab,human,K,E,I,V,L,T,Q,S,P,A,T,L,S,V,S,P,G,E,R,A,T,L,S,C,R,A,S,Q,V,I,-,-,-,-,-,-,S,H,N,L,A,W,Y,Q,Q,K,P,G,Q,A,P,R,L,L,I,Y,G,A,S,T,R,A,S,G,I,P,-,A,R,F,S,G,S,G,-,-,S,G,T,D,Y,T,L,T,I,T,S,L,Q,S,E,D,F,A,V,Y,Y,C,Q,H,Y,S,N,W,-,-,P,P,R,L,T,F,G,G,G,T,K,V,E,I,K
95,Gemtuzumab,rhesus,K,D,I,Q,L,T,Q,S,P,S,T,L,S,A,S,V,G,D,R,V,T,-,I,T,C,R,A,S,E,S,L,D,-,-,N,Y,G,I,R,F,L,T,W,F,Q,Q,K,P,G,K,A,P,K,L,L,M,Y,A,A,S,N,Q,G,S,G,V,P,-,S,R,F,S,G,S,G,-,-,S,G,T,E,F,T,L,T,I,S,S,L,Q,P,D,D,F,A,T,Y,Y,C,Q,Q,T,K,-,-,-,E,V,P,W,S,F,G,Q,G,T,K,V,E,V,K
96,Gevokizumab,human,K,D,I,Q,M,T,Q,S,T,S,S,L,S,A,S,V,G,D,R,V,T,I,T,C,R,A,S,Q,D,I,-,-,-,-,-,-,S,N,Y,L,S,W,Y,Q,Q,K,P,G,K,A,V,K,L,L,I,Y,Y,T,S,K,L,H,S,G,V,P,-,S,R,F,S,G,S,G,-,-,S,G,T,D,Y,T,L,T,I,S,S,L,Q,Q,E,D,F,A,T,Y,F,C,L,Q,G,K,M,-,-,-,-,L,P,W,T,F,G,Q,G,T,K,L,E,I,K
97,Girentuximab,mouse,K,D,I,V,M,T,Q,S,Q,R,F,M,S,T,T,V,G,D,R,V,S,I,T,C,K,A,S,Q,N,V,-,-,-,-,-,-,V,S,A,V,A,W,Y,Q,Q,K,P,G,Q,S,P,K,L,L,I,Y,S,A,S,N,R,Y,T,G,V,P,-,D,R,F,T,G,S,G,-,-,S,G,T,D,F,T,L,T,I,S,N,M,Q,S,E,D,L,A,D,F,F,C,Q,Q,Y,S,N,-,-,-,-,Y,P,W,T,F,G,G,G,T,K,L,E,I,K
98,Glembatumumab,human,K,E,I,V,M,T,Q,S,P,A,T,L,S,V,S,P,G,E,R,A,T,L,S,C,R,A,S,Q,S,V,-,-,-,-,-,-,D,N,N,L,V,W,Y,Q,Q,K,P,G,Q,A,P,R,L,L,I,Y,G,A,S,T,R,A,T,G,I,P,-,A,R,F,S,G,S,G,-,-,S,G,T,E,F,T,L,T,I,S,S,L,Q,S,E,D,F,A,V,Y,Y,C,Q,Q,Y,N,N,-,-,-,W,P,P,W,T,F,G,Q,G,T,K,V,E,I,K
99,Golimumab,human,K,E,I,V,L,T,Q,S,P,A,T,L,S,L,S,P,G,E,R,A,T,L,S,C,R,A,S,Q,S,V,-,-,-,-,-,-,Y,S,Y,L,A,W,Y,Q,Q,K,P,G,Q,A,P,R,L,L,I,Y,D,A,S,N,R,A,T,G,I,P,-,A,R,F,S,G,S,G,-,-,S,G,T,D,F,T,L,T,I,S,S,L,E,P,E,D,F,A,V,Y,Y,C,Q,Q,R,S,N,-,-,-,W,P,P,F,T,F,G,P,G,T,K,V,D,I,K
100,Guselkumab,rhesus,L,Q,S,V,L,T,Q,P,P,S,-,V,S,G,A,P,G,Q,R,V,T,I,S,C,T,G,S,S,S,N,I,G,-,-,-,S,G,Y,D,V,H,W,Y,Q,Q,L,P,G,T,A,P,K,L,L,I,Y,G,N,S,K,R,P,S,G,V,P,-,D,R,F,S,G,S,K,-,-,S,G,T,S,A,S,L,A,I,T,G,L,Q,S,E,D,E,A,D,Y,Y,C,A,S,W,T,D,G,-,-,L,S,L,V,V,F,G,G,G,T,K,L,T,V,L
101,Ianalumab,human,K,D,I,V,L,T,Q,S,P,A,T,L,S,L,S,P,G,E,R,A,T,L,S,C,R,A,S,Q,F,I,L,-,-,-,-,-,P,E,Y,L,S,W,Y,Q,Q,K,P,G,Q,A,P,R,L,L,I,Y,G,S,S,S,R,A,T,G,V,P,-,A,R,F,S,G,S,G,-,-,S,G,T,D,F,T,L,T,I,S,S,L,E,P,E,D,F,A,V,Y,Y,C,Q,Q,F,Y,S,-,-,-,-,S,P,L,T,F,G,Q,G,T,K,V,E,I,K
102,Ibalizumab,human,K,D,I,V,M,T,Q,S,P,D,S,L,A,V,S,L,G,E,R,V,T,M,N,C,K,S,S,Q,S,L,L,Y,S,T,N,Q,K,N,Y,L,A,W,Y,Q,Q,K,P,G,Q,S,P,K,L,L,I,Y,W,A,S,T,R,E,S,G,V,P,-,D,R,F,S,G,S,G,-,-,S,G,T,D,F,T,L,T,I,S,S,V,Q,A,E,D,V,A,V,Y,Y,C,Q,Q,Y,Y,-,-,-,-,-,S,Y,R,T,F,G,G,G,T,K,L,E,I,K
103,Icrucumab,human,K,E,I,V,L,T,Q,S,P,G,T,L,S,L,S,P,G,E,R,A,T,L,S,C,R,A,S,Q,S,V,S,-,-,-,-,-,S,S,Y,L,A,W,Y,Q,Q,K,P,G,Q,A,P,R,L,L,I,Y,G,A,S,S,R,A,T,G,I,P,-,D,R,F,S,G,S,G,-,-,S,G,T,D,F,T,L,T,I,S,R,L,E,P,E,D,F,A,V,Y,Y,C,Q,Q,Y,G,S,-,-,-,-,S,P,L,T,F,G,G,G,T,K,V,E,I,K
104,Idarucizumab,human,K,D,V,V,M,T,Q,S,P,L,S,L,P,V,T,L,G,Q,P,A,S,I,S,C,K,S,S,Q,S,L,L,Y,T,-,D,G,K,T,Y,L,Y,W,F,L,Q,R,P,G,Q,S,P,R,R,L,I,Y,L,V,S,K,L,D,S,G,V,P,-,D,R,F,S,G,S,G,-,-,S,G,T,D,F,T,L,K,I,S,R,V,E,A,E,D,V,G,V,Y,Y,C,L,Q,S,T,H,-,-,-,-,F,P,H,T,F,G,G,G,T,K,V,E,I,K
105,Imgatuzumab,human,K,D,I,Q,M,T,Q,S,P,S,S,L,S,A,S,V,G,D,R,V,T,I,T,C,R,A,S,Q,G,I,-,-,-,-,-,-,N,N,Y,L,N,W,Y,Q,Q,K,P,G,K,A,P,K,R,L,I,Y,N,T,N,N,L,Q,T,G,V,P,-,S,R,F,S,G,S,G,-,-,S,G,T,E,F,T,L,T,I,S,S,L,Q,P,E,D,F,A,T,Y,Y,C,L,Q,H,N,-,-,-,-,-,S,F,P,T,F,G,Q,G,T,K,L,E,I,K
106,Inclacumab,human,K,E,I,V,L,T,Q,S,P,A,T,L,S,L,S,P,G,E,R,A,T,L,S,C,R,A,S,Q,S,V,-,-,-,-,-,-,S,S,Y,L,A,W,Y,Q,Q,K,P,G,Q,A,P,R,L,L,I,Y,D,A,S,N,R,A,T,G,I,P,-,A,R,F,S,G,S,G,-,-,S,G,T,D,F,T,L,T,I,S,S,L,E,P,E,D,F,A,V,Y,Y,C,Q,Q,R,S,N,-,-,-,-,W,P,L,T,F,G,G,G,T,K,V,E,I,K
107,Indatuximab,mouse,K,D,I,Q,M,T,Q,S,T,S,S,L,S,A,S,L,G,D,R,V,T,I,S,C,S,A,S,Q,G,I,-,-,-,-,-,-,N,N,Y,L,N,W,Y,Q,Q,K,P,D,G,T,V,E,L,L,I,Y,Y,T,S,T,L,Q,S,G,V,P,-,S,R,F,S,G,S,G,-,-,S,G,T,D,Y,S,L,T,I,S,N,L,E,P,E,D,I,G,T,Y,Y,C,Q,Q,Y,S,K,-,-,-,-,L,P,R,T,F,G,G,G,T,K,L,E,I,K
108,Indusatumab,human,K,E,I,V,M,T,Q,S,P,A,T,L,S,V,S,P,G,E,R,A,T,L,S,C,R,A,S,Q,S,V,-,-,-,-,-,-,S,R,N,L,A,W,Y,Q,Q,K,P,G,Q,A,P,R,L,L,I,Y,G,A,S,T,R,A,T,G,I,P,-,A,R,F,S,G,S,G,-,-,S,G,T,E,F,T,L,T,I,G,S,L,Q,S,E,D,F,A,V,Y,Y,C,Q,Q,Y,K,T,-,-,-,-,W,P,R,T,F,G,Q,G,T,N,V,E,I,K
109,Inebilizumab,human,K,E,I,V,L,T,Q,S,P,D,F,Q,S,V,T,P,K,E,K,V,T,I,T,C,R,A,S,E,S,V,D,T,-,-,F,G,I,S,F,M,N,W,F,Q,Q,K,P,D,Q,S,P,K,L,L,I,H,E,A,S,N,Q,G,S,G,V,P,-,S,R,F,S,G,S,G,-,-,S,G,T,D,F,T,L,T,I,N,S,L,E,A,E,D,A,A,T,Y,Y,C,Q,Q,S,K,E,-,-,-,-,V,P,F,T,F,G,G,G,T,K,V,E,I,K
110,Infliximab,mouse,K,D,I,L,L,T,Q,S,P,A,I,L,S,V,S,P,G,E,R,V,S,F,S,C,R,A,S,Q,F,V,-,-,-,-,-,-,G,S,S,I,H,W,Y,Q,Q,R,T,N,G,S,P,R,L,L,I,K,Y,A,S,E,S,M,S,G,I,P,-,S,R,F,S,G,S,G,-,-,S,G,T,D,F,T,L,S,I,N,T,V,E,S,E,D,I,A,D,Y,Y,C,Q,Q,S,H,S,-,-,-,-,W,P,F,T,F,G,S,G,T,N,L,E,V,K
111,Inotuzumab,rhesus,K,D,V,Q,V,T,Q,S,P,S,S,L,S,A,S,V,G,D,R,V,T,-,I,T,C,R,S,S,Q,S,L,A,N,-,S,Y,G,N,T,F,L,S,W,Y,L,H,K,P,G,K,A,P,Q,L,L,I,Y,G,I,S,N,R,F,S,G,V,P,-,D,R,F,S,G,S,G,-,-,S,G,T,D,F,T,L,T,I,S,S,L,Q,P,E,D,F,A,T,Y,Y,C,L,Q,G,T,-,-,-,H,Q,P,Y,T,F,G,Q,G,T,K,V,E,I,K
112,Intetumumab,human,K,E,I,V,L,T,Q,S,P,A,T,L,S,L,S,P,G,E,R,A,T,L,S,C,R,A,S,Q,S,V,-,-,-,-,-,-,S,S,Y,L,A,W,Y,Q,Q,K,P,G,Q,A,P,R,L,L,I,Y,D,A,S,N,R,A,T,G,I,P,-,A,R,F,S,G,S,G,-,-,S,G,T,D,F,T,L,T,I,S,S,L,E,P,E,D,F,A,V,Y,Y,C,Q,Q,R,S,N,-,-,-,W,P,P,F,T,F,G,P,G,T,K,V,D,I,K
113,Ipilimumab,rhesus,K,E,I,V,L,T,Q,S,P,G,T,L,S,L,S,P,G,E,R,A,T,-,L,S,C,R,A,S,Q,S,V,-,-,-,-,-,G,S,S,Y,L,A,W,Y,Q,Q,K,P,G,Q,A,P,R,L,L,I,Y,G,A,F,S,R,A,T,G,I,P,-,D,R,F,S,G,S,G,-,-,S,G,T,D,F,T,L,T,I,S,R,L,E,P,E,D,F,A,V,Y,Y,C,Q,Q,Y,G,-,-,-,S,S,P,W,T,F,G,Q,G,T,K,V,E,I,K
114,Iratumumab,human,K,D,I,Q,M,T,Q,S,P,T,S,L,S,A,S,V,G,D,R,V,T,I,T,C,R,A,S,Q,G,I,-,-,-,-,-,-,S,S,W,L,T,W,Y,Q,Q,K,P,E,K,A,P,K,S,L,I,Y,A,A,S,S,L,Q,S,G,V,P,-,S,R,F,S,G,S,G,-,-,S,G,T,D,F,T,L,T,I,S,S,L,Q,P,E,D,F,A,T,Y,Y,C,Q,Q,Y,D,S,-,-,-,-,Y,P,I,T,F,G,Q,G,T,R,L,E,I,K
115,Isatuximab,mouse,K,D,I,V,M,T,Q,S,H,L,S,M,S,T,S,L,G,D,P,V,S,I,T,C,K,A,S,Q,D,V,-,-,-,-,-,-,S,T,V,V,A,W,Y,Q,Q,K,P,G,Q,S,P,R,R,L,I,Y,S,A,S,Y,R,Y,I,G,V,P,-,D,R,F,T,G,S,G,-,-,A,G,T,D,F,T,F,T,I,S,S,V,Q,A,E,D,L,A,V,Y,Y,C,Q,Q,H,Y,S,-,-,-,-,P,P,Y,T,F,G,G,G,T,K,L,E,I,K
116,Itolizumab,rat,K,D,I,Q,M,T,Q,S,P,S,S,L,S,A,S,V,G,D,R,V,T,I,T,C,K,A,S,R,D,I,-,-,-,-,-,-,R,S,Y,L,T,W,Y,Q,Q,K,P,G,K,A,P,K,T,L,I,Y,Y,A,T,S,L,A,D,G,V,P,-,S,R,F,S,G,S,G,-,-,S,G,Q,D,Y,S,L,T,I,S,S,L,E,S,D,D,T,A,T,Y,Y,C,L,Q,H,G,E,-,-,-,-,S,P,F,T,L,G,S,G,T,K,L,E,I,K
117,Ixekizumab,rhesus,K,D,I,V,M,T,Q,T,P,L,S,L,S,V,T,P,G,Q,P,A,S,-,I,S,C,R,S,S,R,S,L,V,H,-,S,R,G,N,T,Y,L,H,W,Y,L,Q,K,P,G,Q,S,P,Q,L,L,I,Y,K,V,S,N,R,F,I,G,V,P,-,D,R,F,S,G,S,G,-,-,S,G,T,D,F,T,L,K,I,S,R,V,E,A,E,D,V,G,V,Y,Y,C,S,Q,S,T,-,-,-,H,L,P,F,T,F,G,Q,G,T,K,L,E,I,K
118,Lacnotuzumab,mouse,K,D,I,V,L,T,Q,S,P,A,F,L,S,V,T,P,G,E,K,V,T,F,T,C,Q,A,S,Q,S,I,-,-,-,-,-,-,G,T,S,I,H,W,Y,Q,Q,K,T,D,Q,A,P,K,L,L,I,K,Y,A,S,E,S,I,S,G,I,P,-,S,R,F,S,G,S,G,-,-,S,G,T,D,F,T,L,T,I,S,S,V,E,A,E,D,A,A,D,Y,Y,C,Q,Q,I,N,S,-,-,-,-,W,P,T,T,F,G,G,G,T,K,L,E,I,K
119,Lampalizumab,human,K,D,I,Q,V,T,Q,S,P,S,S,L,S,A,S,V,G,D,R,V,T,I,T,C,I,T,S,T,D,I,-,-,-,-,-,-,D,D,D,M,N,W,Y,Q,Q,K,P,G,K,V,P,K,L,L,I,S,G,G,N,T,L,R,P,G,V,P,-,S,R,F,S,G,S,G,-,-,S,G,T,D,F,T,L,T,I,S,S,L,Q,P,E,D,V,A,T,Y,Y,C,L,Q,S,D,S,-,-,-,-,L,P,Y,T,F,G,Q,G,T,K,V,E,I,K
120,Lanadelumab,rhesus,K,D,I,Q,M,T,Q,S,P,S,T,L,S,A,S,V,G,D,R,V,T,-,I,T,C,R,A,S,Q,S,-,-,-,-,-,-,I,S,S,W,L,A,W,Y,Q,Q,K,P,G,K,A,P,K,L,L,I,Y,K,A,S,T,L,E,S,G,V,P,-,S,R,F,S,G,S,G,-,-,S,G,T,E,F,T,L,T,I,S,S,L,Q,P,D,D,F,A,T,Y,Y,C,Q,Q,Y,N,-,-,-,-,T,Y,W,T,F,G,Q,G,T,K,V,E,I,K
121,Landogrozumab,human,K,E,I,V,L,T,Q,S,P,G,T,L,S,L,S,P,G,E,R,A,T,L,S,C,R,A,S,S,S,V,S,-,-,-,-,-,S,S,Y,L,H,W,Y,Q,Q,K,P,G,Q,A,P,R,L,L,I,Y,S,T,S,N,L,V,A,G,I,P,-,D,R,F,S,G,S,G,-,-,S,G,T,D,F,T,L,T,I,S,R,L,E,P,E,D,F,A,V,Y,Y,C,Q,H,H,S,G,-,-,-,-,Y,H,F,T,F,G,G,G,T,K,V,E,I,K
122,Lebrikizumab,human,K,D,I,V,M,T,Q,S,P,D,S,L,S,V,S,L,G,E,R,A,T,I,N,C,R,A,S,K,S,V,D,S,-,-,Y,G,N,S,F,M,H,W,Y,Q,Q,K,P,G,Q,P,P,K,L,L,I,Y,L,A,S,N,L,E,S,G,V,P,-,D,R,F,S,G,S,G,-,-,S,G,T,D,F,T,L,T,I,S,S,L,Q,A,E,D,V,A,V,Y,Y,C,Q,Q,N,N,E,-,-,-,-,D,P,R,T,F,G,G,G,T,K,V,E,I,K
123,Lenzilumab,human,K,E,I,V,L,T,Q,S,P,A,T,L,S,V,S,P,G,E,R,A,T,L,S,C,R,A,S,Q,S,V,-,-,-,-,-,-,G,T,N,V,A,W,Y,Q,Q,K,P,G,Q,A,P,R,V,L,I,Y,S,T,S,S,R,A,T,G,I,T,-,D,R,F,S,G,S,G,-,-,S,G,T,D,F,T,L,T,I,S,R,L,E,P,E,D,F,A,V,Y,Y,C,Q,Q,F,N,K,-,-,-,-,S,P,L,T,F,G,G,G,T,K,V,E,I,K
124,Lifastuzumab,rhesus,K,D,I,Q,M,T,Q,S,P,S,S,L,S,A,S,V,G,D,R,V,T,-,I,T,C,R,S,S,E,T,L,V,H,-,S,S,G,N,T,Y,L,E,W,Y,Q,Q,K,P,G,K,A,P,K,L,L,I,Y,R,V,S,N,R,F,S,G,V,P,-,S,R,F,S,G,S,G,-,-,S,G,T,D,F,T,L,T,I,S,S,L,Q,P,E,D,F,A,T,Y,Y,C,F,Q,G,S,-,-,-,F,N,P,L,T,F,G,Q,G,T,K,V,E,I,K
125,Ligelizumab,human,K,E,I,V,M,T,Q,S,P,A,T,L,S,V,S,P,G,E,R,A,T,L,S,C,R,A,S,Q,S,I,-,-,-,-,-,-,G,T,N,I,H,W,Y,Q,Q,K,P,G,Q,A,P,R,L,L,I,Y,Y,A,S,E,S,I,S,G,I,P,-,A,R,F,S,G,S,G,-,-,S,G,T,E,F,T,L,T,I,S,S,L,Q,S,E,D,F,A,V,Y,Y,C,Q,Q,S,W,S,-,-,-,-,W,P,T,T,F,G,G,G,T,K,V,E,I,K
126,Lintuzumab,rhesus,K,D,I,Q,M,T,Q,S,P,S,S,L,S,A,S,V,G,D,R,V,T,-,I,T,C,R,A,S,E,S,V,D,-,-,N,Y,G,I,S,F,M,N,W,F,Q,Q,K,P,G,K,A,P,K,L,L,I,Y,A,A,S,N,Q,G,S,G,V,P,-,S,R,F,S,G,S,G,-,-,S,G,T,D,F,T,L,T,I,S,S,L,Q,P,D,D,F,A,T,Y,Y,C,Q,Q,S,K,-,-,-,E,V,P,W,T,F,G,Q,G,T,K,V,E,I,K
127,Lirilumab,human,K,E,I,V,L,T,Q,S,P,V,T,L,S,L,S,P,G,E,R,A,T,L,S,C,R,A,S,Q,S,V,-,-,-,-,-,-,S,S,Y,L,A,W,Y,Q,Q,K,P,G,Q,A,P,R,L,L,I,Y,D,A,S,N,R,A,T,G,I,P,-,A,R,F,S,G,S,G,-,-,S,G,T,D,F,T,L,T,I,S,S,L,E,P,E,D,F,A,V,Y,Y,C,Q,Q,R,S,N,-,-,-,-,W,M,Y,T,F,G,Q,G,T,K,L,E,I,K
128,Lodelcizumab,human,K,Q,I,V,L,T,Q,S,P,A,T,L,S,V,S,P,G,E,R,A,T,L,S,C,R,A,S,Q,S,V,-,-,-,-,-,-,-,S,Y,M,H,W,Y,Q,Q,K,P,G,Q,A,P,R,L,L,I,Y,G,V,F,R,R,A,T,G,I,P,-,D,R,F,S,G,S,G,-,-,S,G,T,D,F,T,L,T,I,G,R,L,E,P,E,D,F,A,V,Y,Y,C,L,Q,W,S,S,-,-,-,-,D,P,P,T,F,G,Q,G,T,K,L,E,I,K
129,Lorvotuzumab,rhesus,K,D,V,V,M,T,Q,S,P,L,S,L,P,V,T,L,G,Q,P,A,S,-,I,S,C,R,S,S,Q,I,I,I,H,-,S,D,G,N,T,Y,L,E,W,F,Q,Q,R,P,G,Q,S,P,R,R,L,I,Y,K,V,S,N,R,F,S,G,V,P,-,D,R,F,S,G,S,G,-,-,S,G,T,D,F,T,L,K,I,S,R,V,E,A,E,D,V,G,V,Y,Y,C,F,Q,G,S,-,-,-,H,V,P,H,T,F,G,Q,G,T,K,V,E,I,K
130,Lumiliximab,human,K,D,I,Q,M,T,Q,S,P,S,S,L,S,A,S,V,G,D,R,V,T,I,T,C,R,A,S,Q,D,I,-,-,-,-,-,-,R,Y,Y,L,N,W,Y,Q,Q,K,P,G,K,A,P,K,L,L,I,Y,V,A,S,S,L,Q,S,G,V,P,-,S,R,F,S,G,S,G,-,-,S,G,T,E,F,T,L,T,V,S,S,L,Q,P,E,D,F,A,T,Y,Y,C,L,Q,V,Y,S,-,-,-,-,T,P,R,T,F,G,Q,G,T,K,V,E,I,K
131,Margetuximab,mouse,K,D,I,V,M,T,Q,S,H,K,F,M,S,T,S,V,G,D,R,V,S,I,T,C,K,A,S,Q,D,V,-,-,-,-,-,-,N,T,A,V,A,W,Y,Q,Q,K,P,G,H,S,P,K,L,L,I,Y,S,A,S,F,R,Y,T,G,V,P,-,D,R,F,T,G,S,R,-,-,S,G,T,D,F,T,F,T,I,S,S,V,Q,A,E,D,L,A,V,Y,Y,C,Q,Q,H,Y,T,-,-,-,-,T,P,P,T,F,G,G,G,T,K,V,E,I,K
132,Matuzumab,human,K,D,I,Q,M,T,Q,S,P,S,S,L,S,A,S,V,G,D,R,V,T,I,T,C,S,A,S,S,S,V,-,-,-,-,-,-,-,T,Y,M,Y,W,Y,Q,Q,K,P,G,K,A,P,K,L,L,I,Y,D,T,S,N,L,A,S,G,V,P,-,S,R,F,S,G,S,G,-,-,S,G,T,D,Y,T,F,T,I,S,S,L,Q,P,E,D,I,A,T,Y,Y,C,Q,Q,W,S,S,-,-,-,-,H,I,F,T,F,G,Q,G,T,K,V,E,I,K
133,Mavrilimumab,rhesus,L,Q,S,V,L,T,Q,P,P,S,-,V,S,G,A,P,G,Q,R,V,T,I,S,C,T,G,S,G,S,N,I,G,-,-,-,A,P,Y,D,V,S,W,Y,Q,Q,L,P,G,T,A,P,K,L,L,I,Y,H,N,N,K,R,P,S,G,V,P,-,D,R,F,S,G,S,K,-,-,S,G,T,S,A,S,L,A,I,T,G,L,Q,A,E,D,E,A,D,Y,Y,C,A,T,V,E,A,G,-,-,L,S,G,S,V,F,G,G,G,T,K,L,T,V,L
134,Mepolizumab,human,K,D,I,V,M,T,Q,S,P,D,S,L,A,V,S,L,G,E,R,A,T,I,N,C,K,S,S,Q,S,L,L,N,S,G,N,Q,K,N,Y,L,A,W,Y,Q,Q,K,P,G,Q,P,P,K,L,L,I,Y,G,A,S,T,R,E,S,G,V,P,-,D,R,F,S,G,S,G,-,-,S,G,T,D,F,T,L,T,I,S,S,L,Q,A,E,D,V,A,V,Y,Y,C,Q,N,V,H,S,-,-,-,-,F,P,F,T,F,G,G,G,T,K,L,E,I,K
135,Mirikizumab,human,K,D,I,Q,M,T,Q,S,P,S,S,L,S,A,S,V,G,D,R,V,T,I,T,C,K,A,S,D,H,I,-,-,-,-,-,-,L,K,F,L,T,W,Y,Q,Q,K,P,G,K,A,P,K,L,L,I,Y,G,A,T,S,L,E,T,G,V,P,-,S,R,F,S,G,S,G,-,-,S,G,T,D,F,T,L,T,I,S,S,L,Q,P,E,D,F,A,T,Y,Y,C,Q,M,Y,W,S,-,-,-,-,T,P,F,T,F,G,G,G,T,K,V,E,I,K
136,Mirvetuximab,rat,K,D,I,V,L,T,Q,S,P,L,S,L,A,V,S,L,G,Q,P,A,I,I,S,C,K,A,S,Q,S,V,S,F,-,-,A,G,T,S,L,M,H,W,Y,H,Q,K,P,G,Q,Q,P,R,L,L,I,Y,R,A,S,N,L,E,A,G,V,P,-,D,R,F,S,G,S,G,-,-,S,K,T,D,F,T,L,T,I,S,P,V,E,A,E,D,A,A,T,Y,Y,C,Q,Q,S,R,E,-,-,-,-,Y,P,Y,T,F,G,G,G,T,K,L,E,I,K
137,Modotuximab,mouse,K,D,I,V,M,T,Q,A,A,F,S,N,P,V,T,L,G,T,S,A,S,I,S,C,R,S,S,K,S,L,L,H,S,-,N,G,I,T,Y,L,Y,W,Y,L,Q,K,P,G,Q,S,P,Q,L,L,I,Y,Q,M,S,N,L,A,S,G,V,P,-,D,R,F,S,S,S,G,-,-,S,G,T,D,F,T,L,R,I,S,R,V,E,A,E,D,V,G,V,Y,Y,C,A,Q,N,L,E,-,-,-,-,L,P,Y,T,F,G,G,G,T,K,L,E,I,K
138,Mogamulizumab,rhesus,K,D,V,L,M,T,Q,S,P,L,S,L,P,V,T,P,G,E,P,A,S,-,I,S,C,R,S,S,R,N,I,V,H,-,I,N,G,D,T,Y,L,E,W,Y,L,Q,K,P,G,Q,S,P,Q,L,L,I,Y,K,V,S,N,R,F,S,G,V,P,-,D,R,F,S,G,S,G,-,-,S,G,T,D,F,T,L,K,I,S,R,V,E,A,E,D,V,G,V,Y,Y,C,F,Q,G,S,-,-,-,L,L,P,W,T,F,G,Q,G,T,K,V,E,I,K
139,Motavizumab,human,K,D,I,Q,M,T,Q,S,P,S,T,L,S,A,S,V,G,D,R,V,T,I,T,C,S,A,S,S,R,V,-,-,-,-,-,-,-,G,Y,M,H,W,Y,Q,Q,K,P,G,K,A,P,K,L,L,I,Y,D,T,S,K,L,A,S,G,V,P,-,S,R,F,S,G,S,G,-,-,S,G,T,E,F,T,L,T,I,S,S,L,Q,P,D,D,F,A,T,Y,Y,C,F,Q,G,S,G,-,-,-,-,Y,P,F,T,F,G,G,G,T,K,V,E,I,K
140,Muromonab,mouse,K,Q,I,V,L,T,Q,S,P,A,I,M,S,A,S,P,G,E,K,V,T,M,T,C,S,A,S,S,S,V,-,-,-,-,-,-,-,S,Y,M,N,W,Y,Q,Q,K,S,G,T,S,P,K,R,W,I,Y,D,T,S,K,L,A,S,G,V,P,-,A,H,F,R,G,S,G,-,-,S,G,T,S,Y,S,L,T,I,S,G,M,E,A,E,D,A,A,T,Y,Y,C,Q,Q,W,S,S,-,-,-,-,N,P,F,T,F,G,S,G,T,K,L,E,I,K
141,Natalizumab,rhesus,K,D,I,Q,M,T,Q,S,P,S,S,L,S,A,S,V,G,D,R,V,T,-,I,T,C,K,T,S,Q,D,-,-,-,-,-,-,I,N,K,Y,M,A,W,Y,Q,Q,T,P,G,K,A,P,R,L,L,I,H,Y,T,S,A,L,Q,P,G,I,P,-,S,R,F,S,G,S,G,-,-,S,G,R,D,Y,T,F,T,I,S,S,L,Q,P,E,D,I,A,T,Y,Y,C,L,Q,Y,D,-,-,-,-,N,L,W,T,F,G,Q,G,T,K,V,E,I,K
142,Necitumumab,human,K,E,I,V,M,T,Q,S,P,A,T,L,S,L,S,P,G,E,R,A,T,L,S,C,R,A,S,Q,S,V,-,-,-,-,-,-,S,S,Y,L,A,W,Y,Q,Q,K,P,G,Q,A,P,R,L,L,I,Y,D,A,S,N,R,A,T,G,I,P,-,A,R,F,S,G,S,G,-,-,S,G,T,D,F,T,L,T,I,S,S,L,E,P,E,D,F,A,V,Y,Y,C,H,Q,Y,G,S,-,-,-,-,T,P,L,T,F,G,G,G,T,K,A,E,I,K
143,Nimotuzumab,rhesus,K,D,I,Q,M,T,Q,S,P,S,S,L,S,A,S,V,G,D,R,V,T,-,I,T,C,R,S,S,Q,N,I,V,H,-,S,N,G,N,T,Y,L,D,W,Y,Q,Q,T,P,G,K,A,P,K,L,L,I,Y,K,V,S,N,R,F,S,G,V,P,-,S,R,F,S,G,S,G,-,-,S,G,T,D,F,T,F,T,I,S,S,L,Q,P,E,D,I,A,T,Y,Y,C,F,Q,Y,S,-,-,-,H,V,P,W,T,F,G,Q,G,T,K,L,Q,I,T
144,Nivolumab,human,K,E,I,V,L,T,Q,S,P,A,T,L,S,L,S,P,G,E,R,A,T,L,S,C,R,A,S,Q,S,V,-,-,-,-,-,-,S,S,Y,L,A,W,Y,Q,Q,K,P,G,Q,A,P,R,L,L,I,Y,D,A,S,N,R,A,T,G,I,P,-,A,R,F,S,G,S,G,-,-,S,G,T,D,F,T,L,T,I,S,S,L,E,P,E,D,F,A,V,Y,Y,C,Q,Q,S,S,N,-,-,-,-,W,P,R,T,F,G,Q,G,T,K,V,E,I,K
145,Obiltoxaximab,human,K,D,I,Q,M,T,Q,S,P,S,S,L,S,A,S,V,G,D,R,V,T,I,T,C,R,A,S,Q,D,I,-,-,-,-,-,-,R,N,Y,L,N,W,Y,Q,Q,K,P,G,K,A,V,K,L,L,I,Y,Y,T,S,R,L,L,P,G,V,P,-,S,R,F,S,G,S,G,-,-,S,G,T,D,Y,S,L,T,I,S,S,Q,E,Q,E,D,I,G,T,Y,F,C,Q,Q,G,N,T,-,-,-,-,L,P,W,T,F,G,Q,G,T,K,V,E,I,R
146,Obinutuzumab,rhesus,K,D,I,V,M,T,Q,T,P,L,S,L,P,V,T,P,G,E,P,A,S,-,I,S,C,R,S,S,K,S,L,L,H,-,S,N,G,I,T,Y,L,Y,W,Y,L,Q,K,P,G,Q,S,P,Q,L,L,I,Y,Q,M,S,N,L,V,S,G,V,P,-,D,R,F,S,G,S,G,-,-,S,G,T,D,F,T,L,K,I,S,R,V,E,A,E,D,V,G,V,Y,Y,C,A,Q,N,L,-,-,-,E,L,P,Y,T,F,G,G,G,T,K,V,E,I,K
147,Ocrelizumab,rhesus,K,D,I,Q,M,T,Q,S,P,S,S,L,S,A,S,V,G,D,R,V,T,-,I,T,C,R,A,S,S,S,-,-,-,-,-,-,-,V,S,Y,M,H,W,Y,Q,Q,K,P,G,K,A,P,K,P,L,I,Y,A,P,S,N,L,A,S,G,V,P,-,S,R,F,S,G,S,G,-,-,S,G,T,D,F,T,L,T,I,S,S,L,Q,P,E,D,F,A,T,Y,Y,C,Q,Q,W,S,-,-,-,F,N,P,P,T,F,G,Q,G,T,K,V,E,I,K
148,Ofatumumab,human,K,E,I,V,L,T,Q,S,P,A,T,L,S,L,S,P,G,E,R,A,T,L,S,C,R,A,S,Q,S,V,-,-,-,-,-,-,S,S,Y,L,A,W,Y,Q,Q,K,P,G,Q,A,P,R,L,L,I,Y,D,A,S,N,R,A,T,G,I,P,-,A,R,F,S,G,S,G,-,-,S,G,T,D,F,T,L,T,I,S,S,L,E,P,E,D,F,A,V,Y,Y,C,Q,Q,R,S,N,-,-,-,-,W,P,I,T,F,G,Q,G,T,R,L,E,I,K
149,Olaratumab,human,K,E,I,V,L,T,Q,S,P,A,T,L,S,L,S,P,G,E,R,A,T,L,S,C,R,A,S,Q,S,V,-,-,-,-,-,-,S,S,Y,L,A,W,Y,Q,Q,K,P,G,Q,A,P,R,L,L,I,Y,D,A,S,N,R,A,T,G,I,P,-,A,R,F,S,G,S,G,-,-,S,G,T,D,F,T,L,T,I,S,S,L,E,P,E,D,F,A,V,Y,Y,C,Q,Q,R,S,N,-,-,-,-,W,P,P,A,F,G,Q,G,T,K,V,E,I,K
150,Olendalizumab,human,K,D,I,Q,M,T,Q,S,P,S,S,L,S,A,S,V,G,D,R,V,T,I,T,C,R,A,S,E,S,V,D,S,-,-,Y,G,N,S,F,M,H,W,Y,Q,Q,K,P,G,K,A,P,K,L,L,I,Y,R,A,S,N,L,E,S,G,V,P,-,S,R,F,S,G,S,G,-,-,S,G,T,D,F,T,L,T,I,S,S,L,Q,P,E,D,F,A,T,Y,Y,C,Q,Q,S,N,E,-,-,-,-,D,P,Y,T,F,G,G,G,T,K,V,E,I,K
151,Olokizumab,human,K,D,I,Q,M,T,Q,S,P,S,S,L,S,A,S,V,G,D,R,V,T,I,T,C,Q,A,S,Q,D,I,-,-,-,-,-,-,G,I,S,L,S,W,Y,Q,Q,K,P,G,K,A,P,K,L,L,I,Y,N,A,N,N,L,A,D,G,V,P,-,S,R,F,S,G,S,G,-,-,S,G,T,D,F,T,L,T,I,S,S,L,Q,P,E,D,F,A,T,Y,Y,C,L,Q,H,N,S,-,-,-,-,A,P,Y,T,F,G,Q,G,T,K,L,E,I,K
152,Omalizumab,human,K,D,I,Q,L,T,Q,S,P,S,S,L,S,A,S,V,G,D,R,V,T,I,T,C,R,A,S,Q,S,V,D,Y,-,-,D,G,D,S,Y,M,N,W,Y,Q,Q,K,P,G,K,A,P,K,L,L,I,Y,A,A,S,Y,L,E,S,G,V,P,-,S,R,F,S,G,S,G,-,-,S,G,T,D,F,T,L,T,I,S,S,L,Q,P,E,D,F,A,T,Y,Y,C,Q,Q,S,H,E,-,-,-,-,D,P,Y,T,F,G,Q,G,T,K,V,E,I,K
153,Onartuzumab,rhesus,K,D,I,Q,M,T,Q,S,P,S,S,L,S,A,S,V,G,D,R,V,T,-,I,T,C,K,S,S,Q,S,L,L,Y,T,S,S,Q,K,N,Y,L,A,W,Y,Q,Q,K,P,G,K,A,P,K,L,L,I,Y,W,A,S,T,R,E,S,G,V,P,-,S,R,F,S,G,S,G,-,-,S,G,T,D,F,T,L,T,I,S,S,L,Q,P,E,D,F,A,T,Y,Y,C,Q,Q,Y,Y,-,-,-,A,Y,P,W,T,F,G,Q,G,T,K,V,E,I,K
154,Ontuxizumab,human,K,D,I,Q,M,T,Q,S,P,S,S,L,S,A,S,V,G,D,R,V,T,I,T,C,R,A,S,Q,N,V,-,-,-,-,-,-,G,T,A,V,A,W,L,Q,Q,T,P,G,K,A,P,K,L,L,I,Y,S,A,S,N,R,Y,T,G,V,P,-,S,R,F,S,G,S,G,-,-,S,G,T,D,Y,T,F,T,I,S,S,L,Q,P,E,D,I,A,T,Y,Y,C,Q,Q,Y,T,N,-,-,-,Y,P,M,Y,T,F,G,Q,G,T,K,V,Q,I,K
155,Opicinumab,human,K,D,I,Q,M,T,Q,S,P,A,T,L,S,L,S,P,G,E,R,A,T,L,S,C,R,A,S,Q,S,V,-,-,-,-,-,-,S,S,Y,L,A,W,Y,Q,Q,K,P,G,Q,A,P,R,L,L,I,Y,D,A,S,N,R,A,T,G,I,P,-,A,R,F,S,G,S,G,-,-,S,G,T,D,F,T,L,T,I,S,S,L,E,P,E,D,F,A,V,Y,Y,C,Q,Q,R,S,N,-,-,-,W,P,M,Y,T,F,G,Q,G,T,K,L,E,I,K
156,Orticumab,rhesus,L,Q,S,V,L,T,Q,P,P,S,-,A,S,G,T,P,G,Q,R,V,T,I,S,C,S,G,S,N,T,N,I,-,-,-,-,G,K,N,Y,V,S,W,Y,Q,Q,L,P,G,T,A,P,K,L,L,I,Y,A,N,S,N,R,P,S,G,V,P,-,D,R,F,S,G,S,K,-,-,S,G,T,S,A,S,L,A,I,S,G,L,R,S,E,D,E,A,D,Y,Y,C,A,S,W,D,A,S,-,-,L,N,G,W,V,F,G,G,G,T,K,L,T,V,L
157,Otelixizumab,rat,L,D,I,Q,L,T,Q,P,N,S,-,V,S,T,S,L,G,S,T,V,K,L,S,C,T,L,S,S,G,N,I,-,-,-,-,E,N,N,Y,V,H,W,Y,Q,L,Y,E,G,R,S,P,T,T,M,I,Y,D,D,D,K,R,P,D,G,V,P,-,D,R,F,S,G,S,I,D,R,S,S,N,S,A,F,L,T,I,H,N,V,A,I,E,D,E,A,I,Y,F,C,H,S,Y,V,S,-,-,-,-,S,F,N,V,F,G,G,G,T,K,L,T,V,L
158,Otlertuzumab,rhesus,K,E,I,V,L,T,Q,S,P,A,T,L,S,L,S,P,G,E,R,A,T,-,L,S,C,R,A,S,E,N,-,-,-,-,-,-,V,Y,S,Y,L,A,W,Y,Q,Q,K,P,G,Q,A,P,R,L,L,I,Y,F,A,K,T,L,A,E,G,I,P,-,A,R,F,S,G,S,G,-,-,S,G,T,D,F,T,L,T,I,S,S,L,E,P,E,D,F,A,V,Y,Y,C,Q,H,H,S,-,-,-,D,N,P,W,T,F,G,Q,G,T,K,V,E,I,K
159,Ozanezumab,human,K,D,I,V,M,T,Q,S,P,L,S,N,P,V,T,L,G,Q,P,V,S,I,S,C,R,S,S,K,S,L,L,Y,K,-,D,G,K,T,Y,L,N,W,F,L,Q,R,P,G,Q,S,P,Q,L,L,I,Y,L,M,S,T,R,A,S,G,V,P,-,D,R,F,S,G,G,G,-,-,S,G,T,D,F,T,L,K,I,S,R,V,E,A,E,D,V,G,V,Y,Y,C,Q,Q,L,V,E,-,-,-,-,Y,P,L,T,F,G,Q,G,T,K,L,E,I,K
160,Palivizumab,human,K,D,I,Q,M,T,Q,S,P,S,T,L,S,A,S,V,G,D,R,V,T,I,T,C,K,C,Q,L,S,V,-,-,-,-,-,-,-,G,Y,M,H,W,Y,Q,Q,K,P,G,K,A,P,K,L,L,I,Y,D,T,S,K,L,A,S,G,V,P,-,S,R,F,S,G,S,G,-,-,S,G,T,E,F,T,L,T,I,S,S,L,Q,P,D,D,F,A,T,Y,Y,C,F,Q,G,S,G,-,-,-,-,Y,P,F,T,F,G,G,G,T,K,L,E,I,K
161,Pamrevlumab,human,K,D,I,Q,M,T,Q,S,P,S,S,L,S,A,S,V,G,D,R,V,T,I,T,C,R,A,S,Q,G,I,-,-,-,-,-,-,S,S,W,L,A,W,Y,Q,Q,K,P,E,K,A,P,K,S,L,I,Y,A,A,S,S,L,Q,S,G,V,P,-,S,R,F,S,G,S,G,-,-,S,G,T,D,F,T,L,T,I,S,S,L,Q,P,E,D,F,A,T,Y,Y,C,Q,Q,Y,N,S,-,-,-,-,Y,P,P,T,F,G,Q,G,T,K,L,E,I,K
162,Panitumumab,human,K,D,I,Q,M,T,Q,S,P,S,S,L,S,A,S,V,G,D,R,V,T,I,T,C,Q,A,S,Q,D,I,-,-,-,-,-,-,S,N,Y,L,N,W,Y,Q,Q,K,P,G,K,A,P,K,L,L,I,Y,D,A,S,N,L,E,T,G,V,P,-,S,R,F,S,G,S,G,-,-,S,G,T,D,F,T,F,T,I,S,S,L,Q,P,E,D,I,A,T,Y,F,C,Q,H,F,D,H,-,-,-,-,L,P,L,A,F,G,G,G,T,K,V,E,I,K
163,Panobacumab,human,K,D,V,V,M,T,Q,S,P,L,S,L,P,V,T,L,G,Q,P,A,S,I,S,C,R,S,S,Q,S,L,V,Y,S,-,D,G,N,T,Y,L,N,W,F,Q,Q,R,P,G,Q,S,P,R,R,L,I,Y,K,V,S,N,R,D,S,G,V,P,-,D,R,F,S,G,S,G,-,-,S,G,T,D,F,T,L,K,I,S,R,V,E,A,E,D,V,G,V,Y,Y,C,M,Q,G,T,H,-,-,-,-,W,P,L,T,F,G,G,G,T,K,V,E,I,K
164,Parsatuzumab,rhesus,K,D,I,Q,M,T,Q,S,P,S,S,L,S,A,S,V,G,D,R,V,T,-,I,T,C,R,T,S,Q,S,L,V,H,-,I,N,A,I,T,Y,L,H,W,Y,Q,Q,K,P,G,K,A,P,K,L,L,I,Y,R,V,S,N,R,F,S,G,V,P,-,S,R,F,S,G,S,G,-,-,S,G,T,D,F,T,L,T,I,S,S,L,Q,P,E,D,F,A,T,Y,Y,C,G,Q,S,T,-,-,-,H,V,P,L,T,F,G,Q,G,T,K,V,E,I,K
165,Pateclizumab,rhesus,K,D,I,Q,M,T,Q,S,P,S,S,L,S,A,S,V,G,D,R,V,T,-,I,T,C,R,A,S,Q,A,-,-,-,-,-,-,V,S,S,A,V,A,W,Y,Q,Q,K,P,G,K,A,P,K,L,L,I,Y,S,A,S,H,R,Y,T,G,V,P,-,S,R,F,S,G,S,G,-,-,S,G,T,D,F,T,L,T,I,S,S,L,Q,P,E,D,F,A,T,Y,Y,C,Q,E,S,Y,-,-,-,S,T,P,W,T,F,G,Q,G,T,K,V,E,I,K
166,Patritumab,human,K,D,I,E,M,T,Q,S,P,D,S,L,A,V,S,L,G,E,R,A,T,I,N,C,R,S,S,Q,S,V,L,Y,S,S,S,N,R,N,Y,L,A,W,Y,Q,Q,N,P,G,Q,P,P,K,L,L,I,Y,W,A,S,T,R,E,S,G,V,P,-,D,R,F,S,G,S,G,-,-,S,G,T,D,F,T,L,T,I,S,S,L,Q,A,E,D,V,A,V,Y,Y,C,Q,Q,Y,Y,S,-,-,-,-,T,P,R,T,F,G,Q,G,T,K,V,E,I,K
167,Pembrolizumab,human,K,E,I,V,L,T,Q,S,P,A,T,L,S,L,S,P,G,E,R,A,T,L,S,C,R,A,S,K,G,V,S,T,-,-,S,G,Y,S,Y,L,H,W,Y,Q,Q,K,P,G,Q,A,P,R,L,L,I,Y,L,A,S,Y,L,E,S,G,V,P,-,A,R,F,S,G,S,G,-,-,S,G,T,D,F,T,L,T,I,S,S,L,E,P,E,D,F,A,V,Y,Y,C,Q,H,S,R,D,-,-,-,-,L,P,L,T,F,G,G,G,T,K,V,E,I,K
168,Pertuzumab,human,K,D,I,Q,M,T,Q,S,P,S,S,L,S,A,S,V,G,D,R,V,T,I,T,C,K,A,S,Q,D,V,-,-,-,-,-,-,S,I,G,V,A,W,Y,Q,Q,K,P,G,K,A,P,K,L,L,I,Y,S,A,S,Y,R,Y,T,G,V,P,-,S,R,F,S,G,S,G,-,-,S,G,T,D,F,T,L,T,I,S,S,L,Q,P,E,D,F,A,T,Y,Y,C,Q,Q,Y,Y,I,-,-,-,-,Y,P,Y,T,F,G,Q,G,T,K,V,E,I,K
169,Pidilizumab,mouse,K,E,I,V,L,T,Q,S,P,S,S,L,S,A,S,V,G,D,R,V,T,I,T,C,S,A,R,S,S,V,-,-,-,-,-,-,-,S,Y,M,H,W,F,Q,Q,K,P,G,K,A,P,K,L,W,I,Y,R,T,S,N,L,A,S,G,V,P,-,S,R,F,S,G,S,G,-,-,S,G,T,S,Y,C,L,T,I,N,S,L,Q,P,E,D,F,A,T,Y,Y,C,Q,Q,R,S,S,-,-,-,-,F,P,L,T,F,G,G,G,T,K,L,E,I,K
170,Pinatuzumab,rhesus,K,D,I,Q,M,T,Q,S,P,S,S,L,S,A,S,V,G,D,R,V,T,-,I,T,C,R,S,S,Q,S,I,V,H,-,S,V,G,N,T,F,L,E,W,Y,Q,Q,K,P,G,K,A,P,K,L,L,I,Y,K,V,S,N,R,F,S,G,V,P,-,S,R,F,S,G,S,G,-,-,S,G,T,D,F,T,L,T,I,S,S,L,Q,P,E,D,F,A,T,Y,Y,C,F,Q,G,S,-,-,-,Q,F,P,Y,T,F,G,Q,G,T,K,V,E,I,K
171,Plozalizumab,human,K,D,V,V,M,T,Q,S,P,L,S,L,P,V,T,L,G,Q,P,A,S,I,S,C,K,S,S,Q,S,L,L,D,S,-,D,G,K,T,F,L,N,W,F,Q,Q,R,P,G,Q,S,P,R,R,L,I,Y,L,V,S,K,L,D,S,G,V,P,-,D,R,F,S,G,S,G,-,-,S,G,T,D,F,T,L,K,I,S,R,V,E,A,E,D,V,G,V,Y,Y,C,W,Q,G,T,H,-,-,-,-,F,P,Y,T,F,G,Q,G,T,R,L,E,I,K
172,Polatuzumab,human,K,D,I,Q,L,T,Q,S,P,S,S,L,S,A,S,V,G,D,R,V,T,I,T,C,K,A,S,Q,S,V,D,Y,-,-,E,G,D,S,F,L,N,W,Y,Q,Q,K,P,G,K,A,P,K,L,L,I,Y,A,A,S,N,L,E,S,G,V,P,-,S,R,F,S,G,S,G,-,-,S,G,T,D,F,T,L,T,I,S,S,L,Q,P,E,D,F,A,T,Y,Y,C,Q,Q,S,N,E,-,-,-,-,D,P,L,T,F,G,Q,G,T,K,V,E,I,K
173,Ponezumab,human,K,D,V,V,M,T,Q,S,P,L,S,L,P,V,T,L,G,Q,P,A,S,I,S,C,K,S,S,Q,S,L,L,Y,S,-,D,A,K,T,Y,L,N,W,F,Q,Q,R,P,G,Q,S,P,R,R,L,I,Y,Q,I,S,R,L,D,P,G,V,P,-,D,R,F,S,G,S,G,-,-,S,G,T,D,F,T,L,K,I,S,R,V,E,A,E,D,V,G,V,Y,Y,C,L,Q,G,T,H,-,-,-,-,Y,P,V,L,F,G,Q,G,T,R,L,E,I,K
174,Pritoxaximab,mouse,K,D,I,V,M,S,Q,S,H,K,F,M,S,T,S,V,G,D,R,V,S,I,T,C,K,A,S,Q,D,V,-,-,-,-,-,-,G,T,A,V,A,W,Y,Q,Q,N,P,G,Q,S,P,K,F,L,I,Y,W,A,S,T,R,H,T,G,V,P,-,D,R,F,T,G,S,G,-,-,S,G,T,D,F,T,L,T,I,T,N,V,Q,S,E,D,L,A,D,Y,F,C,Q,Q,Y,S,S,-,-,-,-,Y,P,L,T,F,G,A,G,T,S,L,E,L,K
175,Quilizumab,rhesus,K,D,I,Q,M,T,Q,S,P,S,S,L,S,A,S,V,G,D,R,V,T,-,I,T,C,R,S,S,Q,S,L,V,H,-,N,N,A,N,T,Y,L,H,W,Y,Q,Q,K,P,G,K,A,P,K,L,L,I,Y,K,V,S,N,R,F,S,G,V,P,-,S,R,F,S,G,S,G,-,-,S,G,T,D,F,T,L,T,I,S,S,L,Q,P,E,D,F,A,T,Y,Y,C,S,Q,N,T,-,-,-,L,V,P,W,T,F,G,Q,G,T,K,V,E,I,K
176,Racotumomab,mouse,K,D,I,Q,M,T,Q,T,T,S,S,L,S,A,S,L,G,D,R,V,T,I,S,C,R,A,S,Q,D,I,-,-,-,-,-,-,S,N,Y,L,N,W,Y,Q,Q,K,P,D,G,T,V,K,L,L,I,Y,Y,T,S,R,L,H,S,G,V,P,-,S,R,F,S,G,S,G,-,-,S,G,T,D,Y,S,L,T,I,S,N,L,E,Q,E,D,I,A,T,Y,F,C,Q,Q,G,N,T,-,-,-,-,L,P,W,T,F,G,G,G,T,K,L,E,I,K
177,Radretumab,rhesus,K,E,I,V,L,T,Q,S,P,G,T,L,S,L,S,P,G,E,R,A,T,-,L,S,C,R,A,S,Q,S,V,-,-,-,-,-,S,S,S,F,L,A,W,Y,Q,Q,K,P,G,Q,A,P,R,L,L,I,Y,Y,A,S,S,R,A,T,G,I,P,-,D,R,F,S,G,S,G,-,-,S,G,T,D,F,T,L,T,I,S,R,L,E,P,E,D,F,A,V,Y,Y,C,Q,Q,T,G,-,-,-,R,I,P,P,T,F,G,Q,G,T,K,V,E,I,K
178,Rafivirumab,rhesus,L,Q,S,A,L,T,Q,P,R,S,-,V,S,G,S,P,G,Q,S,V,T,I,S,C,T,G,T,S,S,D,I,G,-,-,-,G,Y,N,F,V,S,W,Y,Q,Q,H,P,G,K,A,P,K,L,M,I,Y,D,A,T,K,R,P,S,G,V,P,-,D,R,F,S,G,S,K,-,-,S,G,N,T,A,S,L,T,I,S,G,L,Q,A,E,D,E,A,D,Y,Y,C,C,S,Y,A,G,D,-,Y,T,P,G,V,V,F,G,G,G,T,K,L,T,V,L
179,Ramucirumab,human,K,D,I,Q,M,T,Q,S,P,S,S,V,S,A,S,I,G,D,R,V,T,I,T,C,R,A,S,Q,G,I,-,-,-,-,-,-,D,N,W,L,G,W,Y,Q,Q,K,P,G,K,A,P,K,L,L,I,Y,D,A,S,N,L,D,T,G,V,P,-,S,R,F,S,G,S,G,-,-,S,G,T,Y,F,T,L,T,I,S,S,L,Q,A,E,D,F,A,V,Y,F,C,Q,Q,A,K,A,-,-,-,-,F,P,P,T,F,G,G,G,T,K,V,D,I,K
180,Ranibizumab,rhesus,K,D,I,Q,L,T,Q,S,P,S,S,L,S,A,S,V,G,D,R,V,T,-,I,T,C,S,A,S,Q,D,-,-,-,-,-,-,I,S,N,Y,L,N,W,Y,Q,Q,K,P,G,K,A,P,K,V,L,I,Y,F,T,S,S,L,H,S,G,V,P,-,S,R,F,S,G,S,G,-,-,S,G,T,D,F,T,L,T,I,S,S,L,Q,P,E,D,F,A,T,Y,Y,C,Q,Q,Y,S,-,-,-,T,V,P,W,T,F,G,Q,G,T,K,V,E,I,K
181,Ravulizumab,rhesus,K,D,I,Q,M,T,Q,S,P,S,S,L,S,A,S,V,G,D,R,V,T,-,I,T,C,G,A,S,E,N,-,-,-,-,-,-,I,Y,G,A,L,N,W,Y,Q,Q,K,P,G,K,A,P,K,L,L,I,Y,G,A,T,N,L,A,D,G,V,P,-,S,R,F,S,G,S,G,-,-,S,G,T,D,F,T,L,T,I,S,S,L,Q,P,E,D,F,A,T,Y,Y,C,Q,N,V,L,-,-,-,N,T,P,L,T,F,G,Q,G,T,K,V,E,I,K
182,Refanezumab,human,K,D,I,V,M,T,Q,S,P,D,S,L,A,V,S,L,G,E,R,A,T,I,N,C,K,S,S,H,S,V,L,Y,S,S,N,Q,K,N,Y,L,A,W,Y,Q,Q,K,P,G,Q,P,P,K,L,L,I,Y,W,A,S,T,R,E,S,G,V,P,-,D,R,F,S,G,S,G,-,-,S,G,T,D,F,T,L,T,I,S,S,L,Q,A,E,D,V,A,V,Y,Y,C,H,Q,Y,L,-,-,-,-,-,S,S,L,T,F,G,Q,G,T,K,L,E,I,K
183,Reslizumab,rhesus,K,D,I,Q,M,T,Q,S,P,S,S,L,S,A,S,V,G,D,R,V,T,-,I,T,C,L,A,S,E,G,-,-,-,-,-,-,I,S,S,Y,L,A,W,Y,Q,Q,K,P,G,K,A,P,K,L,L,I,Y,G,A,N,S,L,Q,T,G,V,P,-,S,R,F,S,G,S,G,-,-,S,A,T,D,Y,T,L,T,I,S,S,L,Q,P,E,D,F,A,T,Y,Y,C,Q,Q,S,Y,-,-,-,K,F,P,N,T,F,G,Q,G,T,K,V,E,V,K
184,Rilotumumab,human,K,E,I,V,M,T,Q,S,P,A,T,L,S,V,S,P,G,E,R,A,T,L,S,C,R,A,S,Q,S,V,-,-,-,-,-,-,D,S,N,L,A,W,Y,R,Q,K,P,G,Q,A,P,R,L,L,I,Y,G,A,S,T,R,A,T,G,I,P,-,A,R,F,S,G,S,G,-,-,S,G,T,E,F,T,L,T,I,S,S,L,Q,S,E,D,F,A,V,Y,Y,C,Q,Q,Y,I,N,-,-,-,W,P,P,I,T,F,G,Q,G,T,R,L,E,I,K
185,Risankizumab,mouse,K,D,I,Q,M,T,Q,S,P,S,S,L,S,A,S,V,G,D,R,V,T,I,T,C,K,A,S,R,D,V,-,-,-,-,-,-,A,I,A,V,A,W,Y,Q,Q,K,P,G,K,V,P,K,L,L,I,Y,W,A,S,T,R,H,T,G,V,P,-,S,R,F,S,G,S,G,-,-,S,R,T,D,F,T,L,T,I,S,S,L,Q,P,E,D,V,A,D,Y,F,C,H,Q,Y,S,S,-,-,-,-,Y,P,F,T,F,G,S,G,T,K,L,E,I,K
186,Rituximab,mouse,K,Q,I,V,L,S,Q,S,P,A,I,L,S,A,S,P,G,E,K,V,T,M,T,C,R,A,S,S,S,V,-,-,-,-,-,-,-,S,Y,I,H,W,F,Q,Q,K,P,G,S,S,P,K,P,W,I,Y,A,T,S,N,L,A,S,G,V,P,-,V,R,F,S,G,S,G,-,-,S,G,T,S,Y,S,L,T,I,S,R,V,E,A,E,D,A,A,T,Y,Y,C,Q,Q,W,T,S,-,-,-,-,N,P,P,T,F,G,G,G,T,K,L,E,I,K
187,Robatumumab,human,K,E,I,V,L,T,Q,S,P,G,T,L,S,V,S,P,G,E,R,A,T,L,S,C,R,A,S,Q,S,I,-,-,-,-,-,-,G,S,S,L,H,W,Y,Q,Q,K,P,G,Q,A,P,R,L,L,I,K,Y,A,S,Q,S,L,S,G,I,P,-,D,R,F,S,G,S,G,-,-,S,G,T,D,F,T,L,T,I,S,R,L,E,P,E,D,F,A,V,Y,Y,C,H,Q,S,S,R,-,-,-,-,L,P,H,T,F,G,Q,G,T,K,V,E,I,K
188,Roledumab,human,K,A,I,R,M,T,Q,S,P,S,S,F,S,A,S,T,G,D,R,V,T,I,T,C,R,A,S,Q,D,I,-,-,-,-,-,-,R,N,Y,V,A,W,Y,Q,Q,K,S,G,K,A,P,K,F,L,I,Y,A,A,S,T,L,Q,S,G,V,P,-,S,R,F,S,G,S,G,-,-,S,G,T,D,F,T,L,T,I,N,S,L,Q,S,E,D,F,A,T,Y,Y,C,Q,Q,Y,Y,N,-,-,-,-,S,P,P,T,F,G,Q,G,T,R,V,E,I,T
189,Romosozumab,human,K,D,I,Q,M,T,Q,S,P,S,S,L,S,A,S,V,G,D,R,V,T,I,T,C,R,A,S,Q,D,I,-,-,-,-,-,-,S,N,Y,L,N,W,Y,Q,Q,K,P,G,K,A,P,K,L,L,I,Y,Y,T,S,R,L,L,S,G,V,P,-,S,R,F,S,G,S,G,-,-,S,G,T,D,F,T,L,T,I,S,S,L,Q,P,E,D,F,A,T,Y,Y,C,Q,Q,G,D,T,-,-,-,-,L,P,Y,T,F,G,G,G,T,K,V,E,I,K
190,Rontalizumab,rhesus,K,D,I,Q,M,T,Q,S,P,S,S,L,S,A,S,V,G,D,R,V,T,-,I,T,C,R,A,S,Q,S,V,S,-,-,T,S,S,Y,S,Y,M,H,W,Y,Q,Q,K,P,G,K,A,P,K,V,L,I,S,Y,A,S,N,L,E,S,G,V,P,-,S,R,F,S,G,S,G,-,-,S,G,T,D,F,T,L,T,I,S,S,L,Q,P,E,D,F,A,T,Y,Y,C,Q,H,S,W,-,-,-,G,I,P,R,T,F,G,Q,G,T,K,V,E,I,K
191,Rovalpituzumab,human,K,E,I,V,M,T,Q,S,P,A,T,L,S,V,S,P,G,E,R,A,T,L,S,C,K,A,S,Q,S,V,-,-,-,-,-,-,S,N,D,V,V,W,Y,Q,Q,K,P,G,Q,A,P,R,L,L,I,Y,Y,A,S,N,R,Y,T,G,I,P,-,A,R,F,S,G,S,G,-,-,S,G,T,E,F,T,L,T,I,S,S,L,Q,S,E,D,F,A,V,Y,Y,C,Q,Q,D,Y,T,-,-,-,-,S,P,W,T,F,G,Q,G,T,K,L,E,I,K
192,Rozanolixizumab,human,K,D,I,Q,M,T,Q,S,P,S,S,L,S,A,S,V,G,D,R,V,T,I,T,C,K,S,S,Q,S,L,V,G,A,-,S,G,K,T,Y,L,Y,W,L,F,Q,K,P,G,K,A,P,K,R,L,I,Y,L,V,S,T,L,D,S,G,I,P,-,S,R,F,S,G,S,G,-,-,S,G,T,E,F,T,L,T,I,S,S,L,Q,P,E,D,F,A,T,Y,Y,C,L,Q,G,T,H,-,-,-,-,F,P,H,T,F,G,Q,G,T,K,L,E,I,K
193,Sacituzumab,human,K,D,I,Q,L,T,Q,S,P,S,S,L,S,A,S,V,G,D,R,V,S,I,T,C,K,A,S,Q,D,V,-,-,-,-,-,-,S,I,A,V,A,W,Y,Q,Q,K,P,G,K,A,P,K,L,L,I,Y,S,A,S,Y,R,Y,T,G,V,P,-,D,R,F,S,G,S,G,-,-,S,G,T,D,F,T,L,T,I,S,S,L,Q,P,E,D,F,A,V,Y,Y,C,Q,Q,H,Y,I,-,-,-,-,T,P,L,T,F,G,A,G,T,K,V,E,I,K
194,Sarilumab,human,K,D,I,Q,M,T,Q,S,P,S,S,V,S,A,S,V,G,D,R,V,T,I,T,C,R,A,S,Q,G,I,-,-,-,-,-,-,S,S,W,L,A,W,Y,Q,Q,K,P,G,K,A,P,K,L,L,I,Y,G,A,S,S,L,E,S,G,V,P,-,S,R,F,S,G,S,G,-,-,S,G,T,D,F,T,L,T,I,S,S,L,Q,P,E,D,F,A,S,Y,Y,C,Q,Q,A,N,S,-,-,-,-,F,P,Y,T,F,G,Q,G,T,K,L,E,I,K
195,Satralizumab,human,K,D,I,Q,M,T,Q,S,P,S,S,L,S,A,S,V,G,D,S,V,T,I,T,C,Q,A,S,T,D,I,-,-,-,-,-,-,S,S,H,L,N,W,Y,Q,Q,K,P,G,K,A,P,E,L,L,I,Y,Y,G,S,H,L,L,S,G,V,P,-,S,R,F,S,G,S,G,-,-,S,G,T,D,F,T,F,T,I,S,S,L,E,A,E,D,A,A,T,Y,Y,C,G,Q,G,N,R,-,-,-,-,L,P,Y,T,F,G,Q,G,T,K,V,E,I,E
196,Secukinumab,human,K,E,I,V,L,T,Q,S,P,G,T,L,S,L,S,P,G,E,R,A,T,L,S,C,R,A,S,Q,S,V,S,-,-,-,-,-,S,S,Y,L,A,W,Y,Q,Q,K,P,G,Q,A,P,R,L,L,I,Y,G,A,S,S,R,A,T,G,I,P,-,D,R,F,S,G,S,G,-,-,S,G,T,D,F,T,L,T,I,S,R,L,E,P,E,D,F,A,V,Y,Y,C,Q,Q,Y,G,S,-,-,-,-,S,P,C,T,F,G,Q,G,T,R,L,E,I,K
197,Seribantumab,human,L,Q,S,A,L,T,Q,P,A,S,-,V,S,G,S,P,G,Q,S,I,T,I,S,C,T,G,T,S,S,D,V,G,-,-,-,S,Y,N,V,V,S,W,Y,Q,Q,H,P,G,K,A,P,K,L,I,I,Y,E,V,S,Q,R,P,S,G,V,S,-,N,R,F,S,G,S,K,-,-,S,G,N,T,A,S,L,T,I,S,G,L,Q,T,E,D,E,A,D,Y,Y,C,C,S,Y,A,G,S,-,-,S,I,F,V,I,F,G,G,G,T,K,V,T,V,L
198,Setoxaximab,mouse,K,D,I,V,L,S,Q,S,P,S,S,L,V,V,S,V,G,E,K,V,T,M,S,C,K,S,S,Q,S,L,L,Y,S,R,N,Q,K,N,Y,L,A,W,Y,Q,Q,K,P,G,Q,S,P,K,V,L,I,Y,W,A,S,T,R,E,S,G,V,P,-,D,R,L,T,G,S,G,-,-,S,G,T,D,F,T,L,T,I,S,S,V,K,A,E,D,L,A,V,Y,Y,C,Q,Q,Y,Y,S,-,-,-,-,Y,P,L,T,F,G,A,G,T,K,L,E,L,K
199,Setrusumab,rhesus,L,D,I,A,L,T,Q,P,A,S,-,V,S,G,S,P,G,Q,S,I,T,I,S,C,T,G,T,S,S,D,V,G,-,-,-,D,I,N,D,V,S,W,Y,Q,Q,H,P,G,K,A,P,K,L,M,I,Y,D,V,N,N,R,P,S,G,V,S,-,N,R,F,S,G,S,K,-,-,S,G,N,T,A,S,L,T,I,S,G,L,Q,A,E,D,E,A,D,Y,Y,C,Q,S,Y,A,G,S,-,-,Y,L,S,E,V,F,G,G,G,T,K,L,T,V,L
200,Sifalimumab,rhesus,K,E,I,V,L,T,Q,S,P,G,T,L,S,L,S,P,G,E,R,A,T,-,L,S,C,R,A,S,Q,S,V,-,-,-,-,-,S,S,T,Y,L,A,W,Y,Q,Q,K,P,G,Q,A,P,R,L,L,I,Y,G,A,S,S,R,A,T,G,I,P,-,D,R,F,S,G,S,G,-,-,S,G,T,D,F,T,L,T,I,S,R,L,E,P,E,D,F,A,V,Y,Y,C,Q,Q,Y,G,-,-,-,S,S,P,R,T,F,G,Q,G,T,K,V,E,I,K
201,Siltuximab,mouse,K,Q,I,V,L,I,Q,S,P,A,I,M,S,A,S,P,G,E,K,V,T,M,T,C,S,A,S,S,S,V,-,-,-,-,-,-,-,S,Y,M,Y,W,Y,Q,Q,K,P,G,S,S,P,R,L,L,I,Y,D,T,S,N,L,A,S,G,V,P,-,V,R,F,S,G,S,G,-,-,S,G,T,S,Y,S,L,T,I,S,R,M,E,A,E,D,A,A,T,Y,Y,C,Q,Q,W,S,G,-,-,-,-,Y,P,Y,T,F,G,G,G,T,K,L,E,I,K
202,Simtuzumab,rhesus,K,D,I,V,M,T,Q,T,P,L,S,L,S,V,T,P,G,Q,P,A,S,-,I,S,C,R,S,S,K,S,L,L,H,-,S,N,G,N,T,Y,L,Y,W,F,L,Q,K,P,G,Q,S,P,Q,F,L,I,Y,R,M,S,N,L,A,S,G,V,P,-,D,R,F,S,G,S,G,-,-,S,G,T,D,F,T,L,K,I,S,R,V,E,A,E,D,V,G,V,Y,Y,C,M,Q,H,L,-,-,-,E,Y,P,Y,T,F,G,G,G,T,K,V,E,I,K
203,Sirukumab,human,K,E,I,V,L,T,Q,S,P,A,T,L,S,L,S,P,G,E,R,A,T,L,S,C,S,A,S,I,S,V,-,-,-,-,-,-,-,S,Y,M,Y,W,Y,Q,Q,K,P,G,Q,A,P,R,L,L,I,Y,D,M,S,N,L,A,S,G,I,P,-,A,R,F,S,G,S,G,-,-,S,G,T,D,F,T,L,T,I,S,S,L,E,P,E,D,F,A,V,Y,Y,C,M,Q,W,S,G,-,-,-,-,Y,P,Y,T,F,G,G,G,T,K,V,E,I,K
204,Solanezumab,rhesus,K,D,V,V,M,T,Q,S,P,L,S,L,P,V,T,L,G,Q,P,A,S,-,I,S,C,R,S,S,Q,S,L,I,Y,-,S,D,G,N,A,Y,L,H,W,F,L,Q,K,P,G,Q,S,P,R,L,L,I,Y,K,V,S,N,R,F,S,G,V,P,-,D,R,F,S,G,S,G,-,-,S,G,T,D,F,T,L,K,I,S,R,V,E,A,E,D,V,G,V,Y,Y,C,S,Q,S,T,-,-,-,H,V,P,W,T,F,G,Q,G,T,K,V,E,I,K
205,Spartalizumab,human,K,E,I,V,L,T,Q,S,P,A,T,L,S,L,S,P,G,E,R,A,T,L,S,C,K,S,S,Q,S,L,L,D,S,G,N,Q,K,N,F,L,T,W,Y,Q,Q,K,P,G,Q,A,P,R,L,L,I,Y,W,A,S,T,R,E,S,G,V,P,-,S,R,F,S,G,S,G,-,-,S,G,T,D,F,T,F,T,I,S,S,L,E,A,E,D,A,A,T,Y,Y,C,Q,N,D,Y,S,-,-,-,-,Y,P,Y,T,F,G,Q,G,T,K,V,E,I,K
206,Suvratoxumab,rhesus,K,D,I,Q,M,T,Q,S,P,S,T,L,S,A,S,V,G,D,R,V,T,-,I,T,C,R,A,S,Q,S,-,-,-,-,-,-,I,S,S,W,L,A,W,Y,Q,Q,K,P,G,K,A,P,K,L,L,I,Y,K,A,S,S,L,E,S,G,V,P,-,S,R,F,S,G,S,G,-,-,S,G,T,E,F,T,L,T,I,S,S,L,Q,P,D,D,F,A,T,Y,Y,C,K,Q,Y,A,-,-,-,-,D,Y,W,T,F,G,Q,G,T,K,V,E,I,K
207,Tabalumab,human,K,E,I,V,L,T,Q,S,P,A,T,L,S,L,S,P,G,E,R,A,T,L,S,C,R,A,S,Q,S,V,-,-,-,-,-,-,S,R,Y,L,A,W,Y,Q,Q,K,P,G,Q,A,P,R,L,L,I,Y,D,A,S,N,R,A,T,G,I,P,-,A,R,F,S,G,S,G,-,-,S,G,T,D,S,T,L,T,I,S,S,L,E,P,E,D,F,A,V,Y,Y,C,Q,Q,R,S,N,-,-,-,-,W,P,R,T,F,G,Q,G,T,K,V,E,I,K
208,Tanezumab,human,K,D,I,Q,M,T,Q,S,P,S,S,L,S,A,S,V,G,D,R,V,T,I,T,C,R,A,S,Q,S,I,-,-,-,-,-,-,S,N,N,L,N,W,Y,Q,Q,K,P,G,K,A,P,K,L,L,I,Y,Y,T,S,R,F,H,S,G,V,P,-,S,R,F,S,G,S,G,-,-,S,G,T,D,F,T,F,T,I,S,S,L,Q,P,E,D,I,A,T,Y,Y,C,Q,Q,E,H,T,-,-,-,-,L,P,Y,T,F,G,Q,G,T,K,L,E,I,K
209,Tarextumab,human,K,D,I,V,L,T,Q,S,P,A,T,L,S,L,S,P,G,E,R,A,T,L,S,C,R,A,S,Q,S,V,R,-,-,-,-,-,S,N,Y,L,A,W,Y,Q,Q,K,P,G,Q,A,P,R,L,L,I,Y,G,A,S,S,R,A,T,G,V,P,-,A,R,F,S,G,S,G,-,-,S,G,T,D,F,T,L,T,I,S,S,L,E,P,E,D,F,A,V,Y,Y,C,Q,Q,Y,S,N,-,-,-,-,F,P,I,T,F,G,Q,G,T,K,V,E,I,K
210,Teplizumab,mouse,K,D,I,Q,M,T,Q,S,P,S,S,L,S,A,S,V,G,D,R,V,T,I,T,C,S,A,S,S,S,V,-,-,-,-,-,-,-,S,Y,M,N,W,Y,Q,Q,T,P,G,K,A,P,K,R,W,I,Y,D,T,S,K,L,A,S,G,V,P,-,S,R,F,S,G,S,G,-,-,S,G,T,D,Y,T,F,T,I,S,S,L,Q,P,E,D,I,A,T,Y,Y,C,Q,Q,W,S,S,-,-,-,-,N,P,F,T,F,G,Q,G,T,K,L,Q,I,T
211,Teprotumumab,rhesus,K,E,I,V,L,T,Q,S,P,A,T,L,S,L,S,P,G,E,R,A,T,-,L,S,C,R,A,S,Q,S,-,-,-,-,-,-,V,S,S,Y,L,A,W,Y,Q,Q,K,P,G,Q,A,P,R,L,L,I,Y,D,A,S,K,R,A,T,G,I,P,-,A,R,F,S,G,S,G,-,-,S,G,T,D,F,T,L,T,I,S,S,L,E,P,E,D,F,A,V,Y,Y,C,Q,Q,R,S,K,-,-,W,P,P,W,T,F,G,Q,G,T,K,V,E,S,K
212,Tesidolumab,human,L,S,Y,E,L,T,Q,P,L,S,-,V,S,V,A,L,G,Q,T,A,R,I,T,C,S,G,D,S,I,P,-,-,-,-,-,-,N,Y,Y,V,Y,W,Y,Q,Q,K,P,G,Q,A,P,V,L,V,I,Y,D,D,S,N,R,P,S,G,I,P,-,E,R,F,S,G,S,N,-,-,S,G,N,T,A,T,L,T,I,S,R,A,Q,A,G,D,E,A,D,Y,Y,C,Q,S,F,D,S,S,-,-,L,N,A,E,V,F,G,G,G,T,K,L,T,V,L
213,Tezepelumab,human,L,S,Y,V,L,T,Q,P,P,S,-,V,S,V,A,P,G,Q,T,A,R,I,T,C,G,G,N,N,L,G,-,-,-,-,-,-,S,K,S,V,H,W,Y,Q,Q,K,P,G,Q,A,P,V,L,V,V,Y,D,D,S,D,R,P,S,W,I,P,-,E,R,F,S,G,S,N,-,-,S,G,N,T,A,T,L,T,I,S,R,G,E,A,G,D,E,A,D,Y,Y,C,Q,V,W,D,S,S,-,-,S,D,H,V,V,F,G,G,G,T,K,L,T,V,L
214,Tigatuzumab,human,K,D,I,Q,M,T,Q,S,P,S,S,L,S,A,S,V,G,D,R,V,T,I,T,C,K,A,S,Q,D,V,-,-,-,-,-,-,G,T,A,V,A,W,Y,Q,Q,K,P,G,K,A,P,K,L,L,I,Y,W,A,S,T,R,H,T,G,V,P,-,S,R,F,S,G,S,G,-,-,S,G,T,D,F,T,L,T,I,S,S,L,Q,P,E,D,F,A,T,Y,Y,C,Q,Q,Y,S,-,-,-,-,-,S,Y,R,T,F,G,Q,G,T,K,V,E,I,K
215,Tildrakizumab,rhesus,K,D,I,Q,M,T,Q,S,P,S,S,L,S,A,S,V,G,D,R,V,T,-,I,T,C,R,T,S,E,N,-,-,-,-,-,-,I,Y,S,Y,L,A,W,Y,Q,Q,K,P,G,K,A,P,K,L,L,I,Y,N,A,K,T,L,A,E,G,V,P,-,S,R,F,S,G,S,G,-,-,S,G,T,D,F,T,L,T,I,S,S,L,Q,P,E,D,F,A,T,Y,Y,C,Q,H,H,Y,-,-,-,G,I,P,F,T,F,G,Q,G,T,K,V,E,I,K
216,Timolumab,human,K,V,I,Q,L,T,Q,S,P,S,S,L,S,A,S,V,G,D,R,V,T,I,T,C,R,A,S,Q,G,I,-,-,-,-,-,-,S,R,A,L,A,W,Y,Q,Q,K,P,G,K,G,P,K,L,L,I,Y,D,A,S,S,L,E,S,G,V,P,-,S,R,F,S,G,S,G,-,-,S,G,T,D,F,T,L,T,I,S,S,L,Q,P,E,D,F,A,T,Y,Y,C,Q,Q,F,N,S,-,-,-,-,Y,P,L,T,F,G,G,G,T,K,V,E,I,K
217,Tislelizumab,human,K,D,I,V,M,T,Q,S,P,D,S,L,A,V,S,L,G,E,R,A,T,I,N,C,K,S,S,E,S,V,-,-,-,-,-,-,S,N,D,V,A,W,Y,Q,Q,K,P,G,Q,P,P,K,L,L,I,N,Y,A,F,H,R,F,T,G,V,P,-,D,R,F,S,G,S,G,-,-,Y,G,T,D,F,T,L,T,I,S,S,L,Q,A,E,D,V,A,V,Y,Y,C,H,Q,A,Y,S,-,-,-,-,S,P,Y,T,F,G,Q,G,T,K,L,E,I,K
218,Tisotumab,human,K,D,I,Q,M,T,Q,S,P,P,S,L,S,A,S,A,G,D,R,V,T,I,T,C,R,A,S,Q,G,I,-,-,-,-,-,-,S,S,R,L,A,W,Y,Q,Q,K,P,E,K,A,P,K,S,L,I,Y,A,A,S,S,L,Q,S,G,V,P,-,S,R,F,S,G,S,G,-,-,S,G,T,D,F,T,L,T,I,S,S,L,Q,P,E,D,F,A,T,Y,Y,C,Q,Q,Y,N,S,-,-,-,-,Y,P,Y,T,F,G,Q,G,T,K,L,E,I,K
219,Tocilizumab,human,K,D,I,Q,M,T,Q,S,P,S,S,L,S,A,S,V,G,D,R,V,T,I,T,C,R,A,S,Q,D,I,-,-,-,-,-,-,S,S,Y,L,N,W,Y,Q,Q,K,P,G,K,A,P,K,L,L,I,Y,Y,T,S,R,L,H,S,G,V,P,-,S,R,F,S,G,S,G,-,-,S,G,T,D,F,T,F,T,I,S,S,L,Q,P,E,D,I,A,T,Y,Y,C,Q,Q,G,N,T,-,-,-,-,L,P,Y,T,F,G,Q,G,T,K,V,E,I,K
220,Tomuzotuximab,mouse,K,D,I,L,L,T,Q,S,P,V,I,L,S,V,S,P,G,E,R,V,S,F,S,C,R,A,S,Q,S,I,-,-,-,-,-,-,G,T,N,I,H,W,Y,Q,Q,R,T,N,G,S,P,R,L,L,I,K,Y,A,S,E,S,I,S,G,I,P,-,S,R,F,S,G,S,G,-,-,S,G,T,D,F,T,L,S,I,N,S,V,E,S,E,D,I,A,D,Y,Y,C,Q,Q,N,N,N,-,-,-,-,W,P,T,T,F,G,A,G,T,K,L,E,L,K
221,Tovetumab,human,K,D,I,Q,M,T,Q,S,P,S,S,L,S,A,S,V,G,D,R,V,S,I,T,C,R,P,S,Q,S,F,-,-,-,-,-,-,S,R,Y,I,N,W,Y,Q,Q,K,P,G,K,A,P,K,L,L,I,H,A,A,S,S,L,V,G,G,V,P,-,S,R,F,S,G,S,G,-,-,S,G,T,D,F,T,L,T,I,S,S,L,Q,P,E,D,F,A,T,Y,Y,C,Q,Q,T,Y,S,-,-,-,N,P,P,I,T,F,G,Q,G,T,R,L,E,M,K
222,Tralokinumab,human,L,S,Y,V,L,T,Q,P,P,S,-,V,S,V,A,P,G,K,T,A,R,I,T,C,G,G,N,I,I,G,-,-,-,-,-,-,S,K,L,V,H,W,Y,Q,Q,K,P,G,Q,A,P,V,L,V,I,Y,D,D,G,D,R,P,S,G,I,P,-,E,R,F,S,G,S,N,-,-,S,G,N,T,A,T,L,T,I,S,R,V,E,A,G,D,E,A,D,Y,Y,C,Q,V,W,D,T,G,-,-,S,D,P,V,V,F,G,G,G,T,K,L,T,V,L
223,Trastuzumab,rhesus,K,D,I,Q,M,T,Q,S,P,S,S,L,S,A,S,V,G,D,R,V,T,-,I,T,C,R,A,S,Q,D,-,-,-,-,-,-,V,N,T,A,V,A,W,Y,Q,Q,K,P,G,K,A,P,K,L,L,I,Y,S,A,S,F,L,Y,S,G,V,P,-,S,R,F,S,G,S,R,-,-,S,G,T,D,F,T,L,T,I,S,S,L,Q,P,E,D,F,A,T,Y,Y,C,Q,Q,H,Y,-,-,-,T,T,P,P,T,F,G,Q,G,T,K,V,E,I,K
224,Tregalizumab,rhesus,K,D,I,V,M,T,Q,S,P,D,S,L,A,V,S,L,G,E,R,A,T,-,I,N,C,R,A,S,K,S,V,S,-,-,T,S,G,Y,S,Y,I,Y,W,Y,Q,Q,K,P,G,Q,P,P,K,L,L,I,Y,L,A,S,I,L,E,S,G,V,P,-,D,R,F,S,G,S,G,-,-,S,G,T,D,F,T,L,T,I,S,S,L,Q,A,E,D,V,A,V,Y,Y,C,Q,H,S,R,-,-,-,E,L,P,W,T,F,G,Q,G,T,K,V,E,I,K
225,Tremelimumab,human,K,D,I,Q,M,T,Q,S,P,S,S,L,S,A,S,V,G,D,R,V,T,I,T,C,R,A,S,Q,S,I,-,-,-,-,-,-,N,S,Y,L,D,W,Y,Q,Q,K,P,G,K,A,P,K,L,L,I,Y,A,A,S,S,L,Q,S,G,V,P,-,S,R,F,S,G,S,G,-,-,S,G,T,D,F,T,L,T,I,S,S,L,Q,P,E,D,F,A,T,Y,Y,C,Q,Q,Y,Y,S,-,-,-,-,T,P,F,T,F,G,P,G,T,K,V,E,I,K
226,Trevogrumab,human,K,D,I,Q,M,T,Q,S,P,A,S,L,S,A,S,V,G,D,R,V,T,I,T,C,R,A,S,Q,D,I,-,-,-,-,-,-,S,D,Y,L,A,W,Y,Q,Q,K,P,G,K,I,P,R,L,L,I,Y,T,T,S,T,L,Q,S,G,V,P,-,S,R,F,R,G,S,G,-,-,S,G,T,D,F,T,L,T,I,S,S,L,Q,P,E,D,V,A,T,Y,Y,C,Q,K,Y,D,S,-,-,-,-,A,P,L,T,F,G,G,G,T,K,V,E,I,K
227,Ublituximab,mouse,K,Q,I,V,L,S,Q,S,P,A,I,L,S,A,S,P,G,E,K,V,T,M,T,C,R,A,S,S,S,V,-,-,-,-,-,-,-,S,Y,M,H,W,Y,Q,Q,K,P,G,S,S,P,K,P,W,I,Y,A,T,S,N,L,A,S,G,V,P,-,A,R,F,S,G,S,G,-,-,S,G,T,S,Y,S,F,T,I,S,R,V,E,A,E,D,A,A,T,Y,Y,C,Q,Q,W,T,F,-,-,-,-,N,P,P,T,F,G,G,G,T,R,L,E,I,K
228,Urelumab,human,K,E,I,V,L,T,Q,S,P,A,T,L,S,L,S,P,G,E,R,A,T,L,S,C,R,A,S,Q,S,V,-,-,-,-,-,-,S,S,Y,L,A,W,Y,Q,Q,K,P,G,Q,A,P,R,L,L,I,Y,D,A,S,N,R,A,T,G,I,P,-,A,R,F,S,G,S,G,-,-,S,G,T,D,F,T,L,T,I,S,S,L,E,P,E,D,F,A,V,Y,Y,C,Q,Q,R,S,N,W,-,-,P,P,A,L,T,F,G,G,G,T,K,V,E,I,K
229,Ustekinumab,human,K,D,I,Q,M,T,Q,S,P,S,S,L,S,A,S,V,G,D,R,V,T,I,T,C,R,A,S,Q,G,I,-,-,-,-,-,-,S,S,W,L,A,W,Y,Q,Q,K,P,E,K,A,P,K,S,L,I,Y,A,A,S,S,L,Q,S,G,V,P,-,S,R,F,S,G,S,G,-,-,S,G,T,D,F,T,L,T,I,S,S,L,Q,P,E,D,F,A,T,Y,Y,C,Q,Q,Y,N,I,-,-,-,-,Y,P,Y,T,F,G,Q,G,T,K,L,E,I,K
230,Utomilumab,human,L,S,Y,E,L,T,Q,P,P,S,-,V,S,V,S,P,G,Q,T,A,S,I,T,C,S,G,D,N,I,G,-,-,-,-,-,-,D,Q,Y,A,H,W,Y,Q,Q,K,P,G,Q,S,P,V,L,V,I,Y,Q,D,K,N,R,P,S,G,I,P,-,E,R,F,S,G,S,N,-,-,S,G,N,T,A,T,L,T,I,S,G,T,Q,A,M,D,E,A,D,Y,Y,C,A,T,Y,T,G,F,-,-,G,S,L,A,V,F,G,G,G,T,K,L,T,V,L
231,Vadastuximab,human,K,D,I,Q,M,T,Q,S,P,S,S,L,S,A,S,V,G,D,R,V,T,I,N,C,K,A,S,Q,D,I,-,-,-,-,-,-,N,S,Y,L,S,W,F,Q,Q,K,P,G,K,A,P,K,T,L,I,Y,R,A,N,R,L,V,D,G,V,P,-,S,R,F,S,G,S,G,-,-,S,G,Q,D,Y,T,L,T,I,S,S,L,Q,P,E,D,F,A,T,Y,Y,C,L,Q,Y,D,E,-,-,-,-,F,P,L,T,F,G,G,G,T,K,V,E,I,K
232,Varlilumab,human,K,D,I,Q,M,T,Q,S,P,S,S,L,S,A,S,V,G,D,R,V,T,I,T,C,R,A,S,Q,G,I,-,-,-,-,-,-,S,R,W,L,A,W,Y,Q,Q,K,P,E,K,A,P,K,S,L,I,Y,A,A,S,S,L,Q,S,G,V,P,-,S,R,F,S,G,S,G,-,-,S,G,T,D,F,T,L,T,I,S,S,L,Q,P,E,D,F,A,T,Y,Y,C,Q,Q,Y,N,T,-,-,-,-,Y,P,R,T,F,G,Q,G,T,K,V,E,I,K
233,Vatelizumab,human,K,D,F,V,M,T,Q,S,P,A,F,L,S,V,T,P,G,E,K,V,T,I,T,C,S,A,Q,S,S,V,-,-,-,-,-,-,-,N,Y,I,H,W,Y,Q,Q,K,P,D,Q,A,P,K,K,L,I,Y,D,T,S,K,L,A,S,G,V,P,-,S,R,F,S,G,S,G,-,-,S,G,T,D,Y,T,F,T,I,S,S,L,E,A,E,D,A,A,T,Y,Y,C,Q,Q,W,T,T,-,-,-,-,N,P,L,T,F,G,Q,G,T,K,V,E,I,K
234,Vedolizumab,rhesus,K,D,V,V,M,T,Q,S,P,L,S,L,P,V,T,P,G,E,P,A,S,-,I,S,C,R,S,S,Q,S,L,A,K,-,S,Y,G,N,T,Y,L,S,W,Y,L,Q,K,P,G,Q,S,P,Q,L,L,I,Y,G,I,S,N,R,F,S,G,V,P,-,D,R,F,S,G,S,G,-,-,S,G,T,D,F,T,L,K,I,S,R,V,E,A,E,D,V,G,V,Y,Y,C,L,Q,G,T,-,-,-,H,Q,P,Y,T,F,G,Q,G,T,K,V,E,I,K
235,Veltuzumab,mouse,K,D,I,Q,L,T,Q,S,P,S,S,L,S,A,S,V,G,D,R,V,T,M,T,C,R,A,S,S,S,V,-,-,-,-,-,-,-,S,Y,I,H,W,F,Q,Q,K,P,G,K,A,P,K,P,W,I,Y,A,T,S,N,L,A,S,G,V,P,-,V,R,F,S,G,S,G,-,-,S,G,T,D,Y,T,F,T,I,S,S,L,Q,P,E,D,I,A,T,Y,Y,C,Q,Q,W,T,S,-,-,-,-,N,P,P,T,F,G,G,G,T,K,L,E,I,K
236,Visilizumab,human,K,D,I,Q,M,T,Q,S,P,S,S,L,S,A,S,V,G,D,R,V,T,I,T,C,S,A,S,S,S,V,-,-,-,-,-,-,-,S,Y,M,N,W,Y,Q,Q,K,P,G,K,A,P,K,R,L,I,Y,D,T,S,K,L,A,S,G,V,P,-,S,R,F,S,G,S,G,-,-,S,G,T,D,F,T,L,T,I,S,S,L,Q,P,E,D,F,A,T,Y,Y,C,Q,Q,W,S,S,-,-,-,-,N,P,P,T,F,G,G,G,T,K,V,E,I,K
237,Vonlerolizumab,human,K,D,I,Q,M,T,Q,S,P,S,S,L,S,A,S,V,G,D,R,V,T,I,T,C,R,A,S,Q,D,I,-,-,-,-,-,-,S,N,Y,L,N,W,Y,Q,Q,K,P,G,K,A,P,K,L,L,I,Y,Y,T,S,R,L,R,S,G,V,P,-,S,R,F,S,G,S,G,-,-,S,G,T,D,F,T,L,T,I,S,S,L,Q,P,E,D,F,A,T,Y,Y,C,Q,Q,G,H,T,-,-,-,-,L,P,P,T,F,G,Q,G,T,K,V,E,I,K
238,Zalutumumab,human,K,A,I,Q,L,T,Q,S,P,S,S,L,S,A,S,V,G,D,R,V,T,I,T,C,R,A,S,Q,D,I,-,-,-,-,-,-,S,S,A,L,V,W,Y,Q,Q,K,P,G,K,A,P,K,L,L,I,Y,D,A,S,S,L,E,S,G,V,P,-,S,R,F,S,G,S,E,-,-,S,G,T,D,F,T,L,T,I,S,S,L,Q,P,E,D,F,A,T,Y,Y,C,Q,Q,F,N,S,-,-,-,-,Y,P,L,T,F,G,G,G,T,K,V,E,I,K
239,Zanolimumab,human,K,D,I,Q,M,T,Q,S,P,S,S,V,S,A,S,V,G,D,R,V,T,I,T,C,R,A,S,Q,D,I,-,-,-,-,-,-,S,S,W,L,A,W,Y,Q,H,K,P,G,K,A,P,K,L,L,I,Y,A,A,S,S,L,Q,S,G,V,P,-,S,R,F,S,G,S,G,-,-,S,G,T,D,F,T,L,T,I,S,S,L,Q,P,E,D,F,A,T,Y,Y,C,Q,Q,A,N,S,-,-,-,-,F,P,Y,T,F,G,Q,G,T,K,L,E,I,K
240,Zolbetuximab (Claudiximab),mouse,K,D,I,V,M,T,Q,S,P,S,S,L,T,V,T,A,G,E,K,V,T,M,S,C,K,S,S,Q,S,L,L,N,S,G,N,Q,K,N,Y,L,T,W,Y,Q,Q,K,P,G,Q,P,P,K,L,L,I,Y,W,A,S,T,R,E,S,G,V,P,-,D,R,F,T,G,S,G,-,-,S,G,T,D,F,T,L,T,I,S,S,V,Q,A,E,D,L,A,V,Y,Y,C,Q,N,D,Y,S,-,-,-,-,Y,P,F,T,F,G,S,G,T,K,L,E,I,K
