,Antibody_ID,heavy,light,Y,cluster,seq
374,1tzh,EVQLVESGGGLVQPGGSLRLSCAASGFDIYDDDIHWVRQAPGKGLEWVAYIAPSYGYTDYADSVKGRFTISADTSKNTAYLQMNSLRAEDTAVYYCSRSSDASYSYSAMDYWGQGTLVTVSS,DIQMTQSPSSLSASVGDRVTITCRASQASYSSVAWYQQKPGKAPKLLIYAASYLYSGVPSRFSGSGSGTDFTLTISSLQPEDFATYYCQSSASPATFGQGTKVEIK,0,18,EVQLVESGGGLVQPGGSLRLSCAASGFDIYDDDIHWVRQAPGKGLEWVAYIAPSYGYTDYADSVKGRFTISADTSKNTAYLQMNSLRAEDTAVYYCSRSSDASYSYSAMDYWGQGTLVTVSSDIQMTQSPSSLSASVGDRVTITCRASQASYSSVAWYQQKPGKAPKLLIYAASYLYSGVPSRFSGSGSGTDFTLTISSLQPEDFATYYCQSSASPATFGQGTKVEIK
375,1tzi,EVQLVESGGGLVQPGGSLRLSCAASGFAIYDYDIHWVRQAPGKGLEWVADIAPYAGATAYADSVKGRFTISADTSKNTAYLQMNSLRAEDTAVYYCSRSSYAYYAAMDYWGQGTLVTVSS,DIQMTQSPSSLSASVGDRVTITCRASQSYAYAVAWYQQKPGKAPKLLIYDASYLYSGVPSRFSGSGSGTDFTLTISSLQPEDFATYYCQQAYSSPDTFGQGTKVEIK,0,18,EVQLVESGGGLVQPGGSLRLSCAASGFAIYDYDIHWVRQAPGKGLEWVADIAPYAGATAYADSVKGRFTISADTSKNTAYLQMNSLRAEDTAVYYCSRSSYAYYAAMDYWGQGTLVTVSSDIQMTQSPSSLSASVGDRVTITCRASQSYAYAVAWYQQKPGKAPKLLIYDASYLYSGVPSRFSGSGSGTDFTLTISSLQPEDFATYYCQQAYSSPDTFGQGTKVEIK
527,2fjf,EVQLVESGGGLVQPGGSLRLSCAASGFTISDYWIHWVRQAPGKGLEWVAGITPAGGYTYYADSVKGRFTISADTSKNTAYLQMNSLRAEDTAVYYCARFVFFLPYAMDYWGQGTLVTVSS,DIQMTQSPSSLSASVGDRVTITCRASQDVSTAVAWYQQKPGKAPKLLIYSASFLYSGVPSRFSGSGSGTDFTLTISSLQPEDFATYYCQQSYTTPPTFGQGTKVEIK,0,18,EVQLVESGGGLVQPGGSLRLSCAASGFTISDYWIHWVRQAPGKGLEWVAGITPAGGYTYYADSVKGRFTISADTSKNTAYLQMNSLRAEDTAVYYCARFVFFLPYAMDYWGQGTLVTVSSDIQMTQSPSSLSASVGDRVTITCRASQDVSTAVAWYQQKPGKAPKLLIYSASFLYSGVPSRFSGSGSGTDFTLTISSLQPEDFATYYCQQSYTTPPTFGQGTKVEIK
547,2h9g,EVQLVESGGGLVQPGGSLRLSCAASGFSIGKSGIHWVRQAPGKGLEWVAVIYPHDGNTAYADSVKGRFTISADTSKNTAYLQMNSLRAEDTAVYYCARRLALVRMWMDYWGQGTLVTVSS,DIQMTQSPSSLSASVGDRVTITCRASQDVSTAVAWYQQKPGKAPKLLIYSASFLYSGVPSRFSGSGSGTDFTLTISSLQPEDFATYYCQQSYTTPPTFGQGTKVEIK,0,18,EVQLVESGGGLVQPGGSLRLSCAASGFSIGKSGIHWVRQAPGKGLEWVAVIYPHDGNTAYADSVKGRFTISADTSKNTAYLQMNSLRAEDTAVYYCARRLALVRMWMDYWGQGTLVTVSSDIQMTQSPSSLSASVGDRVTITCRASQDVSTAVAWYQQKPGKAPKLLIYSASFLYSGVPSRFSGSGSGTDFTLTISSLQPEDFATYYCQQSYTTPPTFGQGTKVEIK
549,2hff,EVQLVESGGGLVQPGGSLRLSCAASGFTISSNSIHWVRQAPGKGLEWVAWITPSDGNTDYADSVKGRFTISADTSKNTAYLQMNSLRAEDTAVYYCARRVCYNRLGVCAGGMDYWGQGTLVTVSS,DIQMTQSPSSLSASVGDRVTITCRASQDVSTAVAWYQQKPGKAPKLLIYSASFLYSGVPSRFSGSGSGTDFTLTISSLQPEDFATYYCQQSRITPPTFGQGTKVEIK,0,18,EVQLVESGGGLVQPGGSLRLSCAASGFTISSNSIHWVRQAPGKGLEWVAWITPSDGNTDYADSVKGRFTISADTSKNTAYLQMNSLRAEDTAVYYCARRVCYNRLGVCAGGMDYWGQGTLVTVSSDIQMTQSPSSLSASVGDRVTITCRASQDVSTAVAWYQQKPGKAPKLLIYSASFLYSGVPSRFSGSGSGTDFTLTISSLQPEDFATYYCQQSRITPPTFGQGTKVEIK
550,2hfg,EVQLVESGGGLVQPGGSLRLSCAASGFTISSSSIHWVRQAPGKGLEWVAWVLPSVGFTDYADSVKGRFTISADTSKNTAYLQMNSLRAEDTAVYYCARRVCYNRLGVCAGGMDYWGQGTLVTVSS,DIQMTQSPSSLSASVGDRVTITCRASQDVSTAVAWYQQKPGKAPKLLIYSASFLYSGVPSRFSGSGSGTDFTLTISSLQPEDFATYYCQQSQISPPTFGQGTKVEIK,0,18,EVQLVESGGGLVQPGGSLRLSCAASGFTISSSSIHWVRQAPGKGLEWVAWVLPSVGFTDYADSVKGRFTISADTSKNTAYLQMNSLRAEDTAVYYCARRVCYNRLGVCAGGMDYWGQGTLVTVSSDIQMTQSPSSLSASVGDRVTITCRASQDVSTAVAWYQQKPGKAPKLLIYSASFLYSGVPSRFSGSGSGTDFTLTISSLQPEDFATYYCQQSQISPPTFGQGTKVEIK
633,2r8s,EVQLVESGGGLVQPGGSLRLSCAASGFNLYSSSIHWVRQAPGKGLEWVAYISSSYGYTYYADSVKGRFTISADTSKNTAYLQMNSLRAEDTAVYYCARRAAGMSTYGFDYWGQGTLVTVSS,DIQMTQSPSSLSASVGDRVTITCRASQSVSSAVAWYQQKPGKAPKLLIYSASSLYSGVPSRFSGSRSGTDFTLTISSLQPEDFATYYCQQSYSSPITFGQGTKVEIK,1,18,EVQLVESGGGLVQPGGSLRLSCAASGFNLYSSSIHWVRQAPGKGLEWVAYISSSYGYTYYADSVKGRFTISADTSKNTAYLQMNSLRAEDTAVYYCARRAAGMSTYGFDYWGQGTLVTVSSDIQMTQSPSSLSASVGDRVTITCRASQSVSSAVAWYQQKPGKAPKLLIYSASSLYSGVPSRFSGSRSGTDFTLTISSLQPEDFATYYCQQSYSSPITFGQGTKVEIK
637,2uzi,EVQLLESGGGLVQPGGSLRLSCAASGFTFSTFSMNWVRQAPGKGLEWVSYISRTSKTIYYADSVKGRFTISRDNSKNTLYLQMNSLRAEDTAVYYCARGRFFDYWGQGTLVTVS,IQMTQSPSSLSASVGDRVTITCRASQSISSYLNWYQQKPGEAPKLLIYSASVLQSGVPSRFSGSGSGTDFTLTISSLQPEDFATYYCQQSVMIPMTFGQGTKVE,0,18,EVQLLESGGGLVQPGGSLRLSCAASGFTFSTFSMNWVRQAPGKGLEWVSYISRTSKTIYYADSVKGRFTISRDNSKNTLYLQMNSLRAEDTAVYYCARGRFFDYWGQGTLVTVSIQMTQSPSSLSASVGDRVTITCRASQSISSYLNWYQQKPGEAPKLLIYSASVLQSGVPSRFSGSGSGTDFTLTISSLQPEDFATYYCQQSVMIPMTFGQGTKVE
649,2vh5,EVQLLESGGGLVQPGGSLRLSAAASGFTFSTFSMNWVRQAPGKGLEWVSYISRTSKTIYYADSVKGRFTISRDNSKNTLYLQMNSLRAEDTAVYYVARGRFFDYWGQGTLVTVS,IQMTQSPSSLSASVGDRVTITVRASQSISSYLNWYQQKPGEAPKLLIYSASVLQSGVPSRFSGSGSGTDFTLTISSLQPEDFATYYAQQSVMIPMTFGQGTKVE,0,18,EVQLLESGGGLVQPGGSLRLSAAASGFTFSTFSMNWVRQAPGKGLEWVSYISRTSKTIYYADSVKGRFTISRDNSKNTLYLQMNSLRAEDTAVYYVARGRFFDYWGQGTLVTVSIQMTQSPSSLSASVGDRVTITVRASQSISSYLNWYQQKPGEAPKLLIYSASVLQSGVPSRFSGSGSGTDFTLTISSLQPEDFATYYAQQSVMIPMTFGQGTKVE
661,2wub,EVQLVESGGGLVQPGGSLRLSCAASGFTINGTYIHWVRQAPGKGLEWVGGIYPAGGATYYADSVKGRFTISADTSKNTAYLQMNSLRAEDTAVYYCAKWAWPAFDYWGQGTLVTVSS,DIQMTQSPSSLSASVGDRVTITCRASQDVSTAVAWYQQKPGKAPKLLIYSASFLYSGVPSRFSGSGSGTDFTLTISSLQPEDFATYYCQQSNRAPATFGQGTKVEIK,0,18,EVQLVESGGGLVQPGGSLRLSCAASGFTINGTYIHWVRQAPGKGLEWVGGIYPAGGATYYADSVKGRFTISADTSKNTAYLQMNSLRAEDTAVYYCAKWAWPAFDYWGQGTLVTVSSDIQMTQSPSSLSASVGDRVTITCRASQDVSTAVAWYQQKPGKAPKLLIYSASFLYSGVPSRFSGSGSGTDFTLTISSLQPEDFATYYCQQSNRAPATFGQGTKVEIK
696,3auv,EVQLVESGGGLVQPGGSLRLSCAASGFTISDYWIHWVRQAPGKCLEWVAGITPAGGYTYYADSVKGRFTISADTSKNTAYLQMNSLRAEDTAVYYCARFVFFLPYAMDYWGQGTLVTVSS,DIQMTQSPSSLSASVGDRVTITCRASQDVSTAVAWYQQKPGKAPKLLIYSASFLYSGVPSRFSGSGSGTDFTLTISSLQPEDFATYYCQQHYTTPPTFGCGTKVEIK,0,18,EVQLVESGGGLVQPGGSLRLSCAASGFTISDYWIHWVRQAPGKCLEWVAGITPAGGYTYYADSVKGRFTISADTSKNTAYLQMNSLRAEDTAVYYCARFVFFLPYAMDYWGQGTLVTVSSDIQMTQSPSSLSASVGDRVTITCRASQDVSTAVAWYQQKPGKAPKLLIYSASFLYSGVPSRFSGSGSGTDFTLTISSLQPEDFATYYCQQHYTTPPTFGCGTKVEIK
700,3bdy,EVQLVESGGGLVQPGGSLRLSCAASGFNIKDTYIHWVRQAPGKGLEWVARIYPTNGYTRYADSVKGRFTISADTSKNTAYLQMNSLRAEDTAVYYCSRWGGDGFYAMDYWGQGTLVTVSS,DIQMTQSPSSLSASVGDRVTITCRASQDIPRSISGYVAWYQQKPGKAPKLLIYWGSYLYSGVPSRFSGSGSGTDFTLTISSLQPEDFATYYCQQHYTTPPTFGQGTKVEIK,0,18,EVQLVESGGGLVQPGGSLRLSCAASGFNIKDTYIHWVRQAPGKGLEWVARIYPTNGYTRYADSVKGRFTISADTSKNTAYLQMNSLRAEDTAVYYCSRWGGDGFYAMDYWGQGTLVTVSSDIQMTQSPSSLSASVGDRVTITCRASQDIPRSISGYVAWYQQKPGKAPKLLIYWGSYLYSGVPSRFSGSGSGTDFTLTISSLQPEDFATYYCQQHYTTPPTFGQGTKVEIK
706,3bn9,QVQLVQSGGGLVKPGGSLRLSCAASGFTFSSYAMSWVRQAPGKGLEWVSAISGSGGSTYYADSVKGRFTISRDNSKNTLYLQMSSLRAEDTAVYYCARPYLTYPQRRGPQNVSPFDNWGQGTMVTVSS,DIQMTQSPSSLSASVGDRVTITCRASQGISSYLAWYQQKPGKAPKLLIYAASSLQSGVPSRFSGSGSGTDFTLTISSLQPEDFAVYYCQQHGNLPYTFGDGTKVEIK,0,18,QVQLVQSGGGLVKPGGSLRLSCAASGFTFSSYAMSWVRQAPGKGLEWVSAISGSGGSTYYADSVKGRFTISRDNSKNTLYLQMSSLRAEDTAVYYCARPYLTYPQRRGPQNVSPFDNWGQGTMVTVSSDIQMTQSPSSLSASVGDRVTITCRASQGISSYLAWYQQKPGKAPKLLIYAASSLQSGVPSRFSGSGSGTDFTLTISSLQPEDFAVYYCQQHGNLPYTFGDGTKVEIK
745,3efd,EVQLVESGGGLVQPGGSLRLSCAASGFNLSYSSMHWVRQAPGKGLEWVAYISPSYGYTSYADSVKGRFTISADTSKNTAYLQMNSLRAEDTAVYYCARSWEAYWRWSAMDYWGQGTLVTVSS,DIQMTQSPSSLSASVGDRVTITCRASQSVSSAVAWYQQKPGKAPKLLIYSASSLYSGVPSRFSGSGSGTDFTLTISSLQPEDFATYYCQQYSYSLLTFGQGTKVEIK,0,18,EVQLVESGGGLVQPGGSLRLSCAASGFNLSYSSMHWVRQAPGKGLEWVAYISPSYGYTSYADSVKGRFTISADTSKNTAYLQMNSLRAEDTAVYYCARSWEAYWRWSAMDYWGQGTLVTVSSDIQMTQSPSSLSASVGDRVTITCRASQSVSSAVAWYQQKPGKAPKLLIYSASSLYSGVPSRFSGSGSGTDFTLTISSLQPEDFATYYCQQYSYSLLTFGQGTKVEIK
795,3grw,EVQLVESGGGLVQPGGSLRLSCAASGFTFTSTGISWVRQAPGKGLEWVGRIYPTNGSTNYADSVKGRFTISADTSKNTAYLQMNSLRAEDTAVYYCARTYGIYDLYVDYTEYVMDYWGQGTLVTVSS,DIQMTQSPSSLSASVGDRVTITCRASQDVSTAVAWYQQKPGKAPKLLIYSASFLYSGVPSRFSGSGSGTDFTLTISSLQPEDFATYYCQQSYTTPPTFGQGTKVEIK,0,18,EVQLVESGGGLVQPGGSLRLSCAASGFTFTSTGISWVRQAPGKGLEWVGRIYPTNGSTNYADSVKGRFTISADTSKNTAYLQMNSLRAEDTAVYYCARTYGIYDLYVDYTEYVMDYWGQGTLVTVSSDIQMTQSPSSLSASVGDRVTITCRASQDVSTAVAWYQQKPGKAPKLLIYSASFLYSGVPSRFSGSGSGTDFTLTISSLQPEDFATYYCQQSYTTPPTFGQGTKVEIK
843,3k2u,EVQLVESGGGLVQPGGSLRLSCAASGFTINGTYIHWVRQAPGKGLEWVGGIYPAGGATYYADSVKGRFTISADTSKNTAYLQMNSLRAEDTAVYYCAKWWAWPAFDYWGQGTLVTVSS,DIQMTQSPSSLSASVGDRVTITCRASQDVSTAVAWYQQKPGKAPKLLIYSASFLYSGVPSRFSGSGSGTDFTLTISSLQPEDFATYYCQQSNRAPATFGQGTKVEIK,0,18,EVQLVESGGGLVQPGGSLRLSCAASGFTINGTYIHWVRQAPGKGLEWVGGIYPAGGATYYADSVKGRFTISADTSKNTAYLQMNSLRAEDTAVYYCAKWWAWPAFDYWGQGTLVTVSSDIQMTQSPSSLSASVGDRVTITCRASQDVSTAVAWYQQKPGKAPKLLIYSASFLYSGVPSRFSGSGSGTDFTLTISSLQPEDFATYYCQQSNRAPATFGQGTKVEIK
855,3l95,EVQLVESGGGLVQPGGSLRLSCAASGFTFSSYWIHWVRQAPGKGLEWVARINPPNRSNQYADSVKGRFTISADTSKNTAYLQMNSLRAEDTAVYYCARGSGFRWVMDYWGQGTLVTVSS,DIQMTQSPSSLSASVGDRVTITCRASQDVSTAVAWYQQKPGKAPKLLIYSASFLYSGVPSRFSGSGSGTDFTLTISSLQPEDFATYYCQQFYTTPSTFGQGTKVEIK,1,18,EVQLVESGGGLVQPGGSLRLSCAASGFTFSSYWIHWVRQAPGKGLEWVARINPPNRSNQYADSVKGRFTISADTSKNTAYLQMNSLRAEDTAVYYCARGSGFRWVMDYWGQGTLVTVSSDIQMTQSPSSLSASVGDRVTITCRASQDVSTAVAWYQQKPGKAPKLLIYSASFLYSGVPSRFSGSGSGTDFTLTISSLQPEDFATYYCQQFYTTPSTFGQGTKVEIK
992,3sob,EVQLVESGGGLVQPGGSLRLSCAASGFTFTNSYIHWVRQAPGKGLEWVGWITPYGGYTNYADSVKGRFTISADTSKNTAYLQMNSLRAEDTAVYYCARGSGHVNAVKNYGYVMDYWGQGTLVTVSS,DIQMTQSPSSLSASVGDRVTITCRASQDVSTAVAWYQQKPGKAPKLLIYSASFLYSGVPSRFSGSGSGTDFTLTISSLQPEDFATYYCQQSYTTPPTFGQGTKVEIK,0,18,EVQLVESGGGLVQPGGSLRLSCAASGFTFTNSYIHWVRQAPGKGLEWVGWITPYGGYTNYADSVKGRFTISADTSKNTAYLQMNSLRAEDTAVYYCARGSGHVNAVKNYGYVMDYWGQGTLVTVSSDIQMTQSPSSLSASVGDRVTITCRASQDVSTAVAWYQQKPGKAPKLLIYSASFLYSGVPSRFSGSGSGTDFTLTISSLQPEDFATYYCQQSYTTPPTFGQGTKVEIK
1010,3u30,EVQLVESGGGLVQPGGSLRLSCAASGFTFSNTYISWVRQAPGKGLEWVASITPSSGQTDYADSVKGRFTISADTSKNTAYLQMNSLRAEDTAVYYCARTWLLRWVMDLWGQGTLVTVSS,DIQMTQSPSSLSASVGDRVTITCRASQDVSTAVAWYQQKPGKAPKLLIYSAKFLYSGVPSRFSGSGSGTDFTLTISSLQPEDFATYYCQQSYTTPPTFGQGTKVEIK,0,18,EVQLVESGGGLVQPGGSLRLSCAASGFTFSNTYISWVRQAPGKGLEWVASITPSSGQTDYADSVKGRFTISADTSKNTAYLQMNSLRAEDTAVYYCARTWLLRWVMDLWGQGTLVTVSSDIQMTQSPSSLSASVGDRVTITCRASQDVSTAVAWYQQKPGKAPKLLIYSAKFLYSGVPSRFSGSGSGTDFTLTISSLQPEDFATYYCQQSYTTPPTFGQGTKVEIK
1108,4ers,QVQLVESGGGVVQPGRSLRLSCAASGFTFSSYGMHWVRQAPGKGLEWVAVMYYDGSNKDYVDSVKGRFTISRDNSKNTLYLQMNRLRAEDTAVYYCAREKDHYDILTGYNYYYGLDVWGQGTTVTVSS,DIQMTQSPSSLSASVGDRVTITCRASQGIRNDLGWYQQKPGKAPKRLIYAASSLESGVPSRFSGSGSGTEFTLTISSVQPEDFVTYYCLQHNSNPLTFGGGTKVEIK,1,18,QVQLVESGGGVVQPGRSLRLSCAASGFTFSSYGMHWVRQAPGKGLEWVAVMYYDGSNKDYVDSVKGRFTISRDNSKNTLYLQMNRLRAEDTAVYYCAREKDHYDILTGYNYYYGLDVWGQGTTVTVSSDIQMTQSPSSLSASVGDRVTITCRASQGIRNDLGWYQQKPGKAPKRLIYAASSLESGVPSRFSGSGSGTEFTLTISSVQPEDFVTYYCLQHNSNPLTFGGGTKVEIK
1139,4g7v,EVQLVESGGGLVQPGGSLRLSCAASGFNVSSSSIHWVRQAPGKGLEWVASISSYYGYTSYADSVKGRFTISADTSKNTAYLQMNSLRAEDTAVYYCARSYSWSYAIDYWGQGTLVTVSS,DIQMTQSPSSLSASVGDRVTITCRASQSVSSAVAWYQQKPGKAPKLLIYSASSLYSGVPSRFSGSGSGTDFTLTISSLQPEDFATYYCQQYFYWPITFGQGTKVEIK,0,18,EVQLVESGGGLVQPGGSLRLSCAASGFNVSSSSIHWVRQAPGKGLEWVASISSYYGYTSYADSVKGRFTISADTSKNTAYLQMNSLRAEDTAVYYCARSYSWSYAIDYWGQGTLVTVSSDIQMTQSPSSLSASVGDRVTITCRASQSVSSAVAWYQQKPGKAPKLLIYSASSLYSGVPSRFSGSGSGTDFTLTISSLQPEDFATYYCQQYFYWPITFGQGTKVEIK
1172,4hjg,EVQLVESGGGLVQPGGSLRLSCAASGFNIKDTYIHWVRQSPGKGLEWVARIYPTNGYTRYADSVKGRFTISADTSKNTAYLQMNSLRAEDTAIYYCSRWGGDGFYAMDYWGQGTLVTVSS,DIQMTQSPILLSASVGDRVTITCRASQDVNTAVAWYQQRTNGSPRLLIYSASFLYSGVPSRFSGSRSGTDFTLTISSLQPEDIADYYCQQHYTTPPTFGAGTKVEIK,0,18,EVQLVESGGGLVQPGGSLRLSCAASGFNIKDTYIHWVRQSPGKGLEWVARIYPTNGYTRYADSVKGRFTISADTSKNTAYLQMNSLRAEDTAIYYCSRWGGDGFYAMDYWGQGTLVTVSSDIQMTQSPILLSASVGDRVTITCRASQDVNTAVAWYQQRTNGSPRLLIYSASFLYSGVPSRFSGSRSGTDFTLTISSLQPEDIADYYCQQHYTTPPTFGAGTKVEIK
1225,4jqi,EVQLVESGGGLVQPGGSLRLSCAASGFNVYSSSIHWVRQAPGKGLEWVASISSYYGYTYYADSVKGRFTISADTSKNTAYLQMNSLRAEDTAVYYCARSRQFWYSGLDYWGQGTLVTVSS,DIQMTQSPSSLSASVGDRVTITCRASQSVSSAVAWYQQKPGKAPKLLIYSASSLYSGVPSRFSGSRSGTDFTLTISSLQPEDFATYYCQQYKYVPVTFGQGTKVEIK,0,18,EVQLVESGGGLVQPGGSLRLSCAASGFNVYSSSIHWVRQAPGKGLEWVASISSYYGYTYYADSVKGRFTISADTSKNTAYLQMNSLRAEDTAVYYCARSRQFWYSGLDYWGQGTLVTVSSDIQMTQSPSSLSASVGDRVTITCRASQSVSSAVAWYQQKPGKAPKLLIYSASSLYSGVPSRFSGSRSGTDFTLTISSLQPEDFATYYCQQYKYVPVTFGQGTKVEIK
1240,4k94,EVQLVESGGGLVQPGGSLRLSCAASGFNISSYSMHWVRQAPGKGLEWVASIYPYSGYTYYADSVKGRFTISADTSKNTAYLQMNSLRAEDTAVYYCARYVYHALDYWGQGTLVTVSS,DIQMTQSPSSLSASVGDRVTITCRASQSVSSAVAWYQQKPGKAPKLLIYSASSLYSGVPSRFSGSRSGTDFTLTISSLQPEDFATYYCQQWAVHSLITFGQGTKVEIK,0,18,EVQLVESGGGLVQPGGSLRLSCAASGFNISSYSMHWVRQAPGKGLEWVASIYPYSGYTYYADSVKGRFTISADTSKNTAYLQMNSLRAEDTAVYYCARYVYHALDYWGQGTLVTVSSDIQMTQSPSSLSASVGDRVTITCRASQSVSSAVAWYQQKPGKAPKLLIYSASSLYSGVPSRFSGSRSGTDFTLTISSLQPEDFATYYCQQWAVHSLITFGQGTKVEIK
1272,4lf3,QVQLVESGGGVVQPGRSLRLSCAASGFTFSSYGMHWVRQAPGKGLEWVAVMWYDGSNKDYVDSVKGRFTISRDNSKNTLYLQMNRLRAEDTAVYYCAREKDHYDILTGYNYYYGLDVWGQGTTVTVSS,DIQMTQSPSSLSASVGDRVTITCRASQGIRNDLGWYQQKPGKAPKRLIYAASSLESGVPSRFSGSGSGTEFTLTISSVQPEDFVTYYCLQHNSNPLTFGGGTKVEIK,0,18,QVQLVESGGGVVQPGRSLRLSCAASGFTFSSYGMHWVRQAPGKGLEWVAVMWYDGSNKDYVDSVKGRFTISRDNSKNTLYLQMNRLRAEDTAVYYCAREKDHYDILTGYNYYYGLDVWGQGTTVTVSSDIQMTQSPSSLSASVGDRVTITCRASQGIRNDLGWYQQKPGKAPKRLIYAASSLESGVPSRFSGSGSGTEFTLTISSVQPEDFVTYYCLQHNSNPLTFGGGTKVEIK
1422,4rrp,EVQLVESGGGLVQPGGSLRLSCAASGFNVSYSSIHWVRQAPGKGLEWVAYIYPSSGYTSYADSVKGRFTISADTSKNTAYLQMNSLRAEDTAVYYCARSYSTKLAMDYWGQGTLVTVSS,DIQMTQSPSSLSASVGDRVTITCRASQSVSSAVAWYQQKPGKAPKLLIYSASSLYSGVPSRFSGSRSGTDFTLTISSLQPEDFATYYCQQSQWYPITFGQGTKVEIK,0,18,EVQLVESGGGLVQPGGSLRLSCAASGFNVSYSSIHWVRQAPGKGLEWVAYIYPSSGYTSYADSVKGRFTISADTSKNTAYLQMNSLRAEDTAVYYCARSYSTKLAMDYWGQGTLVTVSSDIQMTQSPSSLSASVGDRVTITCRASQSVSSAVAWYQQKPGKAPKLLIYSASSLYSGVPSRFSGSRSGTDFTLTISSLQPEDFATYYCQQSQWYPITFGQGTKVEIK
1457,4wv1,EVQLVESGGGLVQPGGSLRLSCAASGFTFTSTGISWVRQAPGKGLEWVGRTHLGDGSTNYADSVKGRFTISADTSKNTAYLQMNSLRAEDTAVYYCARTYGIYDLYVDYTEYVMDYWGQGTLVTVSS,DIQMTQSPSSLSASVGDRVTITCRASQDVDTSLAWYKQKPGKAPKLLIYSASFLYSGVPSRFSGSGSGTDFTLTISSLQPEDFATYYCQQSTGHPQTFGQGTKVEIK,0,18,EVQLVESGGGLVQPGGSLRLSCAASGFTFTSTGISWVRQAPGKGLEWVGRTHLGDGSTNYADSVKGRFTISADTSKNTAYLQMNSLRAEDTAVYYCARTYGIYDLYVDYTEYVMDYWGQGTLVTVSSDIQMTQSPSSLSASVGDRVTITCRASQDVDTSLAWYKQKPGKAPKLLIYSASFLYSGVPSRFSGSGSGTDFTLTISSLQPEDFATYYCQQSTGHPQTFGQGTKVEIK
1476,4xgz,EVQLVESGGGLVQPGGSLRLSCAASGFNVSYSSIHWVRQAPGKGLEWVASIYSYYGYTYYADSVKGRFTISADTSKNTAYLQMNSLRAEDTAVYYCARGYYGAAMDYWGQGTLVTVSS,DIQMTQSPSSLSASVGDRVTITCRASQSVSSAVAWYQQKPGKAPKLLIYSASSLYSGVPSRFSGSRSGTDFTLTISSLQPEDFATYYCQQSSSSLITFGQGTKVEIK,0,18,EVQLVESGGGLVQPGGSLRLSCAASGFNVSYSSIHWVRQAPGKGLEWVASIYSYYGYTYYADSVKGRFTISADTSKNTAYLQMNSLRAEDTAVYYCARGYYGAAMDYWGQGTLVTVSSDIQMTQSPSSLSASVGDRVTITCRASQSVSSAVAWYQQKPGKAPKLLIYSASSLYSGVPSRFSGSRSGTDFTLTISSLQPEDFATYYCQQSSSSLITFGQGTKVEIK
1477,4xh2,EVQLVESGGGLVQPGGSLRLSCAASGFNVSSYSIHWVRQAPGKGLEWVAYISSSSGYTYYADSVKGRFTISADTSKNTAYLQMNSLRAEDTAVYYCARTWYYGFDYWGQGTLVTVSS,DIQMTQSPSSLSASVGDRVTITCRASQSVSSAVAWYQQKPGKAPKLLIYSASSLYSGVPSRFSGSRSGTDFTLTISSLQPEDFATYYCQQFKRQKEPITFGQGTKVEIK,0,18,EVQLVESGGGLVQPGGSLRLSCAASGFNVSSYSIHWVRQAPGKGLEWVAYISSSSGYTYYADSVKGRFTISADTSKNTAYLQMNSLRAEDTAVYYCARTWYYGFDYWGQGTLVTVSSDIQMTQSPSSLSASVGDRVTITCRASQSVSSAVAWYQQKPGKAPKLLIYSASSLYSGVPSRFSGSRSGTDFTLTISSLQPEDFATYYCQQFKRQKEPITFGQGTKVEIK
1561,5bk2,EVQLVESGGGLVQPGGSLRLSCAASGFNIYSSSIHWVRQAPGKGLEWVASISSYSGYTSYADSVKGRFTISADTSKNTAYLQMNSLRAEDTAVYYCARYKYPYWSWYYYWGGMDYWGQGTLVTVSS,DIQMTQSPSSLSASVGDRVTITCRASQSVSSAVAWYQQKPGKAPKLLIYSASSLYSGVPSRFSGSRSGTDFTLTISSLQPEDFATYYCQQYYYGYPITFGQGTKVEIK,0,18,EVQLVESGGGLVQPGGSLRLSCAASGFNIYSSSIHWVRQAPGKGLEWVASISSYSGYTSYADSVKGRFTISADTSKNTAYLQMNSLRAEDTAVYYCARYKYPYWSWYYYWGGMDYWGQGTLVTVSSDIQMTQSPSSLSASVGDRVTITCRASQSVSSAVAWYQQKPGKAPKLLIYSASSLYSGVPSRFSGSRSGTDFTLTISSLQPEDFATYYCQQYYYGYPITFGQGTKVEIK
1563,5bo1,EVQLVESGGGLVQPGGSLRLSCAASGFTFSNYGIHWVRQAPGKGLEWVGWITPDGGYTDYADSVKGRFTISADTSKNTAYLQMNSLRAEDTAVYYCARAGTLFAYWGQGTLVTVSS,DIQMTQSPSSLSASVGDRVTITCRASQDVSTAVAWYQQKPGKAPKLLIYSASFLYSGVPSRFSGSGSGTDFTLTISSLQPEDFATYYCQQYYTTATTFGQGTKVEIK,1,18,EVQLVESGGGLVQPGGSLRLSCAASGFTFSNYGIHWVRQAPGKGLEWVGWITPDGGYTDYADSVKGRFTISADTSKNTAYLQMNSLRAEDTAVYYCARAGTLFAYWGQGTLVTVSSDIQMTQSPSSLSASVGDRVTITCRASQDVSTAVAWYQQKPGKAPKLLIYSASFLYSGVPSRFSGSGSGTDFTLTISSLQPEDFATYYCQQYYTTATTFGQGTKVEIK
1638,5eii,EVQLVESGGGLVQPGGSLRLSCAASGFNISYSSIHWVRQAPGKGLEWVASISSYYGSTYYADSVKGRFTISADTSKNTAYLQMNSLRAEDTAVYYCARSRGQASWDYWWAMDYWGQGTLVTVSS,DIQMTQSPSSLSASVGDRVTITCRASQSVSSAVAWYQQKPGKAPKLLIYSASSLYSGVPSRFSGSRSGTDFTLTISSLQPEDFATYYCQQSSDDPITFGQGTKVEIK,0,18,EVQLVESGGGLVQPGGSLRLSCAASGFNISYSSIHWVRQAPGKGLEWVASISSYYGSTYYADSVKGRFTISADTSKNTAYLQMNSLRAEDTAVYYCARSRGQASWDYWWAMDYWGQGTLVTVSSDIQMTQSPSSLSASVGDRVTITCRASQSVSSAVAWYQQKPGKAPKLLIYSASSLYSGVPSRFSGSRSGTDFTLTISSLQPEDFATYYCQQSSDDPITFGQGTKVEIK
1654,5f3b,EVQLVESGGGLVKPGGSLKLSCAASGFTFSSYAMSWVRQTPEKRLEWVATISSGGSYTSYPDSVKGRFTISRDNAKNTLYLQMSSLRSEDTAMYYCARQDYAMNYWGQGTLVTVSS,DIEMTQSHKFMSTSVGDRVSITCKASQDVSTAVAWYQQKPGQSPKLLLYSASYRYTGVPDRFTGSGSGTDFTFTISSVNAEDLAVYYCQQHYSTPWTFGGGTKVEIK,1,18,EVQLVESGGGLVKPGGSLKLSCAASGFTFSSYAMSWVRQTPEKRLEWVATISSGGSYTSYPDSVKGRFTISRDNAKNTLYLQMSSLRSEDTAMYYCARQDYAMNYWGQGTLVTVSSDIEMTQSHKFMSTSVGDRVSITCKASQDVSTAVAWYQQKPGQSPKLLLYSASYRYTGVPDRFTGSGSGTDFTFTISSVNAEDLAVYYCQQHYSTPWTFGGGTKVEIK
1655,5f3h,EVQLLESGGGLVQPGGSLRLSCAASGFTFSSYAMSWVRQAPGKGLEWVSTISSGGSYTSYPDSVKGRFTISRDNSKNTLYLQMNSLRAEDTAVYYCAKQDYAMNYWGQGTLVTVSS,DIQMTQSPSSLSASVGDRVTITCKASQDVSTAVAWYQQKPGKAPKLLIYSASYRYTGVPSRFSGSGSGTDFTLTISSLNPEDFATYYCQQHYSTPWTFGGGTKVEIK,1,18,EVQLLESGGGLVQPGGSLRLSCAASGFTFSSYAMSWVRQAPGKGLEWVSTISSGGSYTSYPDSVKGRFTISRDNSKNTLYLQMNSLRAEDTAVYYCAKQDYAMNYWGQGTLVTVSSDIQMTQSPSSLSASVGDRVTITCKASQDVSTAVAWYQQKPGKAPKLLIYSASYRYTGVPSRFSGSGSGTDFTLTISSLNPEDFATYYCQQHYSTPWTFGGGTKVEIK
1658,5f72,EVQLVESGGGLVQPGGSLRLSCAASGFAISASSIHWVRQAPGKCLEWVASIDPETGETLYAKSVAGRFTISADTSKNTAYLQMNSLRAEDTAVYYCARAYAGDGVYYADVWGQGTLVTVSS,DIQMTQSPSSLSASVGDRVTITCRASQSVSSAVAWYQQKPGKAPKLLIYSASSLYSGVPSRFSGSRSGTDFTLTISSLQPEDFATYYCQQSYSFPSTFGCGTKVEIK,0,18,EVQLVESGGGLVQPGGSLRLSCAASGFAISASSIHWVRQAPGKCLEWVASIDPETGETLYAKSVAGRFTISADTSKNTAYLQMNSLRAEDTAVYYCARAYAGDGVYYADVWGQGTLVTVSSDIQMTQSPSSLSASVGDRVTITCRASQSVSSAVAWYQQKPGKAPKLLIYSASSLYSGVPSRFSGSRSGTDFTLTISSLQPEDFATYYCQQSYSFPSTFGCGTKVEIK
1678,5ggu,QVQLVESGGGVVQPGRSLRLSCAASGFTFSSYGMHWVRQAPGKGLEWVAVIWYDGSNKYYADSVKGRFTISRDNSKNTLYLQMNSLRAEDTAVYYCARDPRGATLYYYYYGMDVWGQGTTVTVSS,DIQMTQSPSSLSASVGDRVTITCRASQSINSYLDWYQQKPGKAPKLLIYAASSLQSGVPSRFSGSGSGTDFTLTISSLQPEDFATYYCQQYYSTPFTFGPGTKVEIK,0,18,QVQLVESGGGVVQPGRSLRLSCAASGFTFSSYGMHWVRQAPGKGLEWVAVIWYDGSNKYYADSVKGRFTISRDNSKNTLYLQMNSLRAEDTAVYYCARDPRGATLYYYYYGMDVWGQGTTVTVSSDIQMTQSPSSLSASVGDRVTITCRASQSINSYLDWYQQKPGKAPKLLIYAASSLQSGVPSRFSGSGSGTDFTLTISSLQPEDFATYYCQQYYSTPFTFGPGTKVEIK
1694,5gs3,EVQLVESGGGLVQPGGSLRLSCAASGFTFRNSAMHWVRQAPGKGLEWVSSIWYSGSNTYYADSVKGRFTISRDNSKNTLYLQMNSLTAEDTAVYYCARFAGGWGAYDVWGQGTLVTVSS,DIQMTQSPSSLSASVGDRVTITCRASQSIGLYLAWYQQKPGKAPKLLIYAASSLQSGVPSRFSGSGSGTDFTLTISSLQPEDFATYYCQQGNTLSYTFGQGTKVEIK,0,18,EVQLVESGGGLVQPGGSLRLSCAASGFTFRNSAMHWVRQAPGKGLEWVSSIWYSGSNTYYADSVKGRFTISRDNSKNTLYLQMNSLTAEDTAVYYCARFAGGWGAYDVWGQGTLVTVSSDIQMTQSPSSLSASVGDRVTITCRASQSIGLYLAWYQQKPGKAPKLLIYAASSLQSGVPSRFSGSGSGTDFTLTISSLQPEDFATYYCQQGNTLSYTFGQGTKVEIK
1712,5i19,EVQLLESGGGLVQPGGSLRLSCAASGFTFSSYAMSWVRQAPGKGLEWVSAISGSGGSTYYADSVKGRFTISRDNSKNTLYLQMNSLRAEDTAVYYCAKYDGIYGELDFWGQGTLVTVSS,DIQMTQSPSSLSASVGDRVTITCRASQSISSYLNWYQQKPGKAPKLLIYAASSLQSGVPSRFSGSGSGTDFTLTISSLQPEDFATYYCQQSYSTPLTFGQGTKVEIK,1,18,EVQLLESGGGLVQPGGSLRLSCAASGFTFSSYAMSWVRQAPGKGLEWVSAISGSGGSTYYADSVKGRFTISRDNSKNTLYLQMNSLRAEDTAVYYCAKYDGIYGELDFWGQGTLVTVSSDIQMTQSPSSLSASVGDRVTITCRASQSISSYLNWYQQKPGKAPKLLIYAASSLQSGVPSRFSGSGSGTDFTLTISSLQPEDFATYYCQQSYSTPLTFGQGTKVEIK
1716,5i1e,EVQLVETGGGLIQPGGSLRLSCAASGFTVSSNYMSWVRQAPGKGLEWVSVIYSGGSTYYADSVKGRFTISRDNSKNTLYLQMNSLRAEDTAVYYCARYDGIYGELDFWGQGTLVTVSS,DIQMTQSPSSLSASVGDRVTITCRASQSISSYLNWYQQKPGKAPKLLIYAASSLQSGVPSRFSGSGSGTDFTLTISSLQPEDFATYYCQQSYSTPLTFGQGTKVEIK,1,18,EVQLVETGGGLIQPGGSLRLSCAASGFTVSSNYMSWVRQAPGKGLEWVSVIYSGGSTYYADSVKGRFTISRDNSKNTLYLQMNSLRAEDTAVYYCARYDGIYGELDFWGQGTLVTVSSDIQMTQSPSSLSASVGDRVTITCRASQSISSYLNWYQQKPGKAPKLLIYAASSLQSGVPSRFSGSGSGTDFTLTISSLQPEDFATYYCQQSYSTPLTFGQGTKVEIK
1908,5u3d,EVQLVESGGGLVQPGGSLRLSCAASGFNIKDTYIHWVRQSPGKGLEWVARIYPTNGYTRYADSVKGRFTISADTSKNTAYLQMNSLRAEDTAIYYCSRWGGDGFYAMDYWGQGTLVTVSS,DIQMTQSPILLSASVGDRVTITCRASQDVNTAVAWYQQRTNGSPRLLIYSASFLYSGVPSRFSGSRSGTDFTLTISSLQPEDEADYYCQQHYTTPPTFGAGTKVEIK,0,18,EVQLVESGGGLVQPGGSLRLSCAASGFNIKDTYIHWVRQSPGKGLEWVARIYPTNGYTRYADSVKGRFTISADTSKNTAYLQMNSLRAEDTAIYYCSRWGGDGFYAMDYWGQGTLVTVSSDIQMTQSPILLSASVGDRVTITCRASQDVNTAVAWYQQRTNGSPRLLIYSASFLYSGVPSRFSGSRSGTDFTLTISSLQPEDEADYYCQQHYTTPPTFGAGTKVEIK
1922,5ucb,EVQLVESGGGLVQPGGSLRLSCAASGFNVSYYSIHWVRQAPGKGLEWVASIYPYYGSTSYADSVKGRFTISADTSKNTAYLQMNSLRAEDTAVYYCARGYGWALDYWGQGTLVTVFN,QMTQSPSSLSASVGDRVTITCRASQSVSSAVAWYQQKPGKAPKLLIYSASSLYSGVPSRFSGSRSGTDYTLTISSLQPEDFATYYCQQDGWSLITFGQGTKVEIK,0,18,EVQLVESGGGLVQPGGSLRLSCAASGFNVSYYSIHWVRQAPGKGLEWVASIYPYYGSTSYADSVKGRFTISADTSKNTAYLQMNSLRAEDTAVYYCARGYGWALDYWGQGTLVTVFNQMTQSPSSLSASVGDRVTITCRASQSVSSAVAWYQQKPGKAPKLLIYSASSLYSGVPSRFSGSRSGTDYTLTISSLQPEDFATYYCQQDGWSLITFGQGTKVEIK
1924,5uea,EVQLVESGGGLVQPGGSLRLSCAASGFNVSYSSIHWVRQAPGKGLEWVAYIYPSSGYTSYADSVKGRFTISADTSKNTAYLQMNSLRAEDTAVYYCARSYSTKLAMDYWGQGTLVTVVS,DIQMTQSPSSLSASVGDRVTITCRASQSVSSAVAWYQQKPGKAPKLLIYSASSLYSGVPSRFSGSRSGTDFTLTISSLQPEDFATYYCQQSQWYPITFGQGTKVEIK,0,18,EVQLVESGGGLVQPGGSLRLSCAASGFNVSYSSIHWVRQAPGKGLEWVAYIYPSSGYTSYADSVKGRFTISADTSKNTAYLQMNSLRAEDTAVYYCARSYSTKLAMDYWGQGTLVTVVSDIQMTQSPSSLSASVGDRVTITCRASQSVSSAVAWYQQKPGKAPKLLIYSASSLYSGVPSRFSGSRSGTDFTLTISSLQPEDFATYYCQQSQWYPITFGQGTKVEIK
1950,5veb,QVQLLESGGGLVQPGGSLRLSCAASGFTFSSHGMHWVRQAPGKGLEWVSVISGSGSNTGYADSVKGRFTISRDNSKNTLYLQMNSLRAEDTAVYYCARQWGSYAFDSWGQGTLVTVSS,DIQMTQSPSSLSASVGDRVTITCRASQSISSYLNWYQQKPGKAPKLLIYAVSTLQSGVPSRFSGSGSGTDFTLTISSLQPEDFATYYCQQSGTFPPTTFGQGTKVEIK,1,18,QVQLLESGGGLVQPGGSLRLSCAASGFTFSSHGMHWVRQAPGKGLEWVSVISGSGSNTGYADSVKGRFTISRDNSKNTLYLQMNSLRAEDTAVYYCARQWGSYAFDSWGQGTLVTVSSDIQMTQSPSSLSASVGDRVTITCRASQSISSYLNWYQQKPGKAPKLLIYAVSTLQSGVPSRFSGSGSGTDFTLTISSLQPEDFATYYCQQSGTFPPTTFGQGTKVEIK
1959,5vkd,EVQLVESGGGLVQPGGSLRLSCAASGFNISYSSIHWVRQAPGKGLEWVASIYSYSGYTSYADSVKGRFTISADTSKNTAYLQMNSLRAEDTAVYYCARSYWYHVGSWHYTGMDYWGQGTLVTVSS,DIQMTQSPSSLSASVGDRVTITCRASQSVSSAVAWYQQKPGKAPKLLIYSASSLYSGVPSRFSGSRSGTDFTLTISSLQPEDFATYYCQQSSSSLITFGQGTKVEIK,0,18,EVQLVESGGGLVQPGGSLRLSCAASGFNISYSSIHWVRQAPGKGLEWVASIYSYSGYTSYADSVKGRFTISADTSKNTAYLQMNSLRAEDTAVYYCARSYWYHVGSWHYTGMDYWGQGTLVTVSSDIQMTQSPSSLSASVGDRVTITCRASQSVSSAVAWYQQKPGKAPKLLIYSASSLYSGVPSRFSGSRSGTDFTLTISSLQPEDFATYYCQQSSSSLITFGQGTKVEIK
1973,5vyf,EVQLVESGGGLVQPGGSLRLSCAASGFTFSSYAMSWVRQAPGKGLEWVSAISGRGYNADYADSVKGRFTISRDNSKNTLYLQMNSLRAEDTAVYYCAKLEYFDYWGQGTLVTVSS,DIQMTQSPSTLSASVGDRVTITCRASQSISSWLAWYQQKPGKAPKLLIYKASSLESGVPSRFSGSGSGTDFTLTISSLRPEDFATYYCQQYNSYPLTFGGGTKVEIK,1,18,EVQLVESGGGLVQPGGSLRLSCAASGFTFSSYAMSWVRQAPGKGLEWVSAISGRGYNADYADSVKGRFTISRDNSKNTLYLQMNSLRAEDTAVYYCAKLEYFDYWGQGTLVTVSSDIQMTQSPSTLSASVGDRVTITCRASQSISSWLAWYQQKPGKAPKLLIYKASSLESGVPSRFSGSGSGTDFTLTISSLRPEDFATYYCQQYNSYPLTFGGGTKVEIK
2011,5wuv,EVQLVESGGGLVQPGGSLRLSCAASGYVFTDYGMNWVRQAPGKGLEWMGWINTYIGEPIYADSVKGRFTFSLDTSKSTAYLQMNSLRAEDTAVYYCARGYRSYAMDYWGQGTLVTVSS,DIQMTQSPSSLSASVGDRVTITCKASQNVGTNVAWYQQKPGKAPKALIYSASFLYSGVPYRFSGSGSGTDFTLTISSLQPEDFATYYCQQYNIYPLTFGQGTKVEIK,0,18,EVQLVESGGGLVQPGGSLRLSCAASGYVFTDYGMNWVRQAPGKGLEWMGWINTYIGEPIYADSVKGRFTFSLDTSKSTAYLQMNSLRAEDTAVYYCARGYRSYAMDYWGQGTLVTVSSDIQMTQSPSSLSASVGDRVTITCKASQNVGTNVAWYQQKPGKAPKALIYSASFLYSGVPYRFSGSGSGTDFTLTISSLQPEDFATYYCQQYNIYPLTFGQGTKVEIK
2034,5xxy,EVQLVESGGGLVQPGGSLRLSCAASGFTFSDSWIHWVRQAPGKGLEWVAWISPYGGSTYYADSVKGRFTISADTSKNTAYLQMNSLRAEDTAVYYCARRHWPGGFDYWGQGTLVTVSA,DIQMTQSPSSLSASVGDRVTITCRASQDVSTAVAWYQQKPGKAPKLLIYSASFLYSGVPSRFSGSGSGTDFTLTISSLQPEDFATYYCQQYLYHPATFGQGTKVEIK,0,18,EVQLVESGGGLVQPGGSLRLSCAASGFTFSDSWIHWVRQAPGKGLEWVAWISPYGGSTYYADSVKGRFTISADTSKNTAYLQMNSLRAEDTAVYYCARRHWPGGFDYWGQGTLVTVSADIQMTQSPSSLSASVGDRVTITCRASQDVSTAVAWYQQKPGKAPKLLIYSASFLYSGVPSRFSGSGSGTDFTLTISSLQPEDFATYYCQQYLYHPATFGQGTKVEIK
2084,6az2,EVQLVESGGGLVQPGGSLRLSCAASGFNVSYSSIHWVRQAPGKGLEWVAYIYPSSGYTSYADSVKGRFTISADTSKNTAYLQMNSLRAEDTAVYYCARSYSTKLAMDYWGQGTLVTVFN,DIQMTQSPSSLSASVGDRVTITCRASQSVSSAVAWYQQKPGKAPKLLIYSASSLYSGVPSRFSGSRSGTDFTLTISSLQPEDFATYYCQQSQWYPITFGQGTKVEIK,0,18,EVQLVESGGGLVQPGGSLRLSCAASGFNVSYSSIHWVRQAPGKGLEWVAYIYPSSGYTSYADSVKGRFTISADTSKNTAYLQMNSLRAEDTAVYYCARSYSTKLAMDYWGQGTLVTVFNDIQMTQSPSSLSASVGDRVTITCRASQSVSSAVAWYQQKPGKAPKLLIYSASSLYSGVPSRFSGSRSGTDFTLTISSLQPEDFATYYCQQSQWYPITFGQGTKVEIK
2165,6cnr,QVQLVESGGGVVQPGRSLRLSCAASGFAFSSYGMHWVRQAPGKGLEWVAVIWFDGTKKYYTDSVKGRFTISRDNSKNTLYLQMNTLRAEDTAVYYCARDRGIGARRGPYYMDVWGKGTTVTVSS,DIQMTQSPSSLSASVGDRVTITCRASQSISSYLNWYQQKPGKAPKLLIYAASSLQSGVPSRFSGSGSGTDFTLTISSLQPEDFATYYCQQSYSTPLTFGGGTKVEIK,1,18,QVQLVESGGGVVQPGRSLRLSCAASGFAFSSYGMHWVRQAPGKGLEWVAVIWFDGTKKYYTDSVKGRFTISRDNSKNTLYLQMNTLRAEDTAVYYCARDRGIGARRGPYYMDVWGKGTTVTVSSDIQMTQSPSSLSASVGDRVTITCRASQSISSYLNWYQQKPGKAPKLLIYAASSLQSGVPSRFSGSGSGTDFTLTISSLQPEDFATYYCQQSYSTPLTFGGGTKVEIK
2202,6dsi,EVQLLESGGGLVQPGGSLRLSCAASGFRFYAEDMGWVRQAPGKGLEWVSSIYGPSGSTYYADSVKGRFTISRDNSKNTLYLQMNSLRAEDTAVYYCAKRGYGSGAFDYWGQGTLVTVSS,DIQMTQSPSSLSASVGDRVTITCRASQSISSYLNWYQQKPGKAPKLLIYGASNLQSGVPSRFSGSGSGTDFTLTISSLQPEDFATYYCQQDSYLPYTFGQGTKVEIK,0,18,EVQLLESGGGLVQPGGSLRLSCAASGFRFYAEDMGWVRQAPGKGLEWVSSIYGPSGSTYYADSVKGRFTISRDNSKNTLYLQMNSLRAEDTAVYYCAKRGYGSGAFDYWGQGTLVTVSSDIQMTQSPSSLSASVGDRVTITCRASQSISSYLNWYQQKPGKAPKLLIYGASNLQSGVPSRFSGSGSGTDFTLTISSLQPEDFATYYCQQDSYLPYTFGQGTKVEIK
2248,6foe,EVQLLESGGGLVQPGGSLRLSCAASGFTFSIYSMNWVRQAPGKGLEWVSSIGSSGGTTYYADSVKGRFTISRDNSKNTLYLQMNSLRAEDTAVYYCAGSQWLYGMDVWGQGTTVTVSS,DIQMTQSPSSLSASVGDRVTITCRSSQRIMTYLNWYQQKPGKAPKLLIFVASHSQSGVPSRFRGSGSETDFTLTISGLQPEDSATYYCQQSFWTPLTFGGGTKVEIK,0,18,EVQLLESGGGLVQPGGSLRLSCAASGFTFSIYSMNWVRQAPGKGLEWVSSIGSSGGTTYYADSVKGRFTISRDNSKNTLYLQMNSLRAEDTAVYYCAGSQWLYGMDVWGQGTTVTVSSDIQMTQSPSSLSASVGDRVTITCRSSQRIMTYLNWYQQKPGKAPKLLIFVASHSQSGVPSRFRGSGSETDFTLTISGLQPEDSATYYCQQSFWTPLTFGGGTKVEIK
2256,6g8r,EVQLLESGGGLVQPGGSLRLSCAASGFTFYGSGMGWVRQAPGKGLEWVSSIYSGSGSTYYADSVKGRFTISRDNSKNTLYLQMNSLRAEDTAVYYCARTSIYYYYMDYWGQGTLVTVSS,DIQMTQSPSSLSASVGDRVTITCRASQSISSYLNWYQQKPGKAPKLLIYAASSLQSGVPSRFSGSGSGTDFTLTISSLQPEDFATYYCQQSSSLFTFGQGTKLEIK,0,18,EVQLLESGGGLVQPGGSLRLSCAASGFTFYGSGMGWVRQAPGKGLEWVSSIYSGSGSTYYADSVKGRFTISRDNSKNTLYLQMNSLRAEDTAVYYCARTSIYYYYMDYWGQGTLVTVSSDIQMTQSPSSLSASVGDRVTITCRASQSISSYLNWYQQKPGKAPKLLIYAASSLQSGVPSRFSGSGSGTDFTLTISSLQPEDFATYYCQQSSSLFTFGQGTKLEIK
2264,6gv4,EVQLLESGGGLVQPGGSLRLSCAASGFTFSSYAMSWVRQAPGKGLEWVSAISGGGDSRYYADSVKGRFTISRDNSKNTLYLQMNSLGAEDTALYYCAKRLGRVAEYYFDYWGQGTLVTVSP,DIQMTQSPSTLSASVGDRVTITCRTSQSISNWLAWYQQKPGKAPKLLIYQASTLENGVPSRFTGSGSGTEFSLTISSLQPDDFATYYCQQYNNYMALTFGGGTKVEIK,0,18,EVQLLESGGGLVQPGGSLRLSCAASGFTFSSYAMSWVRQAPGKGLEWVSAISGGGDSRYYADSVKGRFTISRDNSKNTLYLQMNSLGAEDTALYYCAKRLGRVAEYYFDYWGQGTLVTVSPDIQMTQSPSTLSASVGDRVTITCRTSQSISNWLAWYQQKPGKAPKLLIYQASTLENGVPSRFTGSGSGTEFSLTISSLQPDDFATYYCQQYNNYMALTFGGGTKVEIK
2272,6hhc,EVQLLESGGGLVQPGGSLRLSCAASGFTFSQYGMDWVRQAPGKGLEWVSGIGPSGGSTVYADSVKGRFTISRDNSKNTLYLQMNSLRAEDTAVYYCTRGGPYYYYGMDVWGQGTTVTVSS,DIQMTQSPSSLSASVGDRVTITCQASQDISNYLNWYQQKPGKAPKLLIYDASNLETGVPSRFSGSGSGTDFTFTISSLQPEDIATYYCQQANSFPVTFGGGTKVEIK,0,18,EVQLLESGGGLVQPGGSLRLSCAASGFTFSQYGMDWVRQAPGKGLEWVSGIGPSGGSTVYADSVKGRFTISRDNSKNTLYLQMNSLRAEDTAVYYCTRGGPYYYYGMDVWGQGTTVTVSSDIQMTQSPSSLSASVGDRVTITCQASQDISNYLNWYQQKPGKAPKLLIYDASNLETGVPSRFSGSGSGTDFTFTISSLQPEDIATYYCQQANSFPVTFGGGTKVEIK
2343,6mwn,EVQLVESGGGLVQPGGSLRLSCAASGFSLSSSSMHWVRQAPGKGLEWVASISPYSGSTSYADSVKGRFTISADTSKNTAYLQMNSLRAEDTAVYYCARTKYHYKNYYWWALDYWGQGTLVTVSS,DIQMTQSPSSLSASVGDRVTITCRASQSVYYSVAWYQQKPGKAPKLLIYSASYLYSGVPSRFSGSRSGTDFTLTISSLQPEDFATYYCQQYRRRPITFGQGTKVEIK,1,18,EVQLVESGGGLVQPGGSLRLSCAASGFSLSSSSMHWVRQAPGKGLEWVASISPYSGSTSYADSVKGRFTISADTSKNTAYLQMNSLRAEDTAVYYCARTKYHYKNYYWWALDYWGQGTLVTVSSDIQMTQSPSSLSASVGDRVTITCRASQSVYYSVAWYQQKPGKAPKLLIYSASYLYSGVPSRFSGSRSGTDFTLTISSLQPEDFATYYCQQYRRRPITFGQGTKVEIK
2344,6mxr,EVQLVESGGGLVQPGGSLRLSCAASGFNIKDTWIHWVRQAPGKGLEWVARIYPTNGYTRYADSVKGRFTISADTSKNTAYLQMNSLRAEDTAVYYCSRWGGMMFYAMDYWGQGTLVTVSS,DIQMTQSPSSLSASVGDRVTITCRASQDIPRSISGYVAWYQQKPGKAPKLLIYWGSYLYSGVPSRFSGSGSGTDFTLTISSLQPEDFATYYCQQHYTTPPTFGQGTKVEIK,0,18,EVQLVESGGGLVQPGGSLRLSCAASGFNIKDTWIHWVRQAPGKGLEWVARIYPTNGYTRYADSVKGRFTISADTSKNTAYLQMNSLRAEDTAVYYCSRWGGMMFYAMDYWGQGTLVTVSSDIQMTQSPSSLSASVGDRVTITCRASQDIPRSISGYVAWYQQKPGKAPKLLIYWGSYLYSGVPSRFSGSGSGTDFTLTISSLQPEDFATYYCQQHYTTPPTFGQGTKVEIK
2345,6mxs,EVQLVESGGGLVQPGGSLRLSCAASGFNIKDTWIHWVRQAPGKGLEWVARIYPTNGYTRYADSVKGRFTISADTSKNTAYLQMNSLRAEDTAVYYCSRWGGFMFYAMDYWGQGTLVTVSS,DIQMTQSPSSLSASVGDRVTITCRASQDIPRSISGYVAWYQQKPGKAPKLLIYWGSYLYSGVPSRFSGSGSGTDFTLTISSLQPEDFATYYCQQHYTTPPTFGQGTKVEIK,0,18,EVQLVESGGGLVQPGGSLRLSCAASGFNIKDTWIHWVRQAPGKGLEWVARIYPTNGYTRYADSVKGRFTISADTSKNTAYLQMNSLRAEDTAVYYCSRWGGFMFYAMDYWGQGTLVTVSSDIQMTQSPSSLSASVGDRVTITCRASQDIPRSISGYVAWYQQKPGKAPKLLIYWGSYLYSGVPSRFSGSGSGTDFTLTISSLQPEDFATYYCQQHYTTPPTFGQGTKVEIK
2346,6my4,EVQLVESGGGLVQPGGSLRLSCAASGFNIKDTWIHWVRQAPGKGLEWVARIYPTNGYTRYADSVKGRFTISADTSKNTAYLQMNSLRAEDTAVYYCSRWGGMMFYAMDYWGQGTLVTVSS,DIQMTQSPSSLSASVGDRVTITCRASQDIPRRISGYVAWYQQKPGKAPKLLIYWGSYLYSGVPSRFSGSGSGTDFTLTISSLQPEDFATYYCQQHYTTPPTFGQGTKVEIK,1,18,EVQLVESGGGLVQPGGSLRLSCAASGFNIKDTWIHWVRQAPGKGLEWVARIYPTNGYTRYADSVKGRFTISADTSKNTAYLQMNSLRAEDTAVYYCSRWGGMMFYAMDYWGQGTLVTVSSDIQMTQSPSSLSASVGDRVTITCRASQDIPRRISGYVAWYQQKPGKAPKLLIYWGSYLYSGVPSRFSGSGSGTDFTLTISSLQPEDFATYYCQQHYTTPPTFGQGTKVEIK
2347,6my5,EVQLVESGGGLVQPGGSLRLSCAASGFNIKDTWIHWVRQAPGKGLEWVARIYPTNGYTRYADSVKGRFTISADTSKNTAYLQMNSLRAEDTAVYYCSRWGGFMFYAMDYWGQGTLVTVSS,DIQMTQSPSSLSASVGDRVTITCRASQDIPRRISGYVAWYQQKPGKAPKLLIYWGSYLYSGVPSRFSGSGSGTDFTLTISSLQPEDFATYYCQQHYTTPPTFGQGTKVEIK,0,18,EVQLVESGGGLVQPGGSLRLSCAASGFNIKDTWIHWVRQAPGKGLEWVARIYPTNGYTRYADSVKGRFTISADTSKNTAYLQMNSLRAEDTAVYYCSRWGGFMFYAMDYWGQGTLVTVSSDIQMTQSPSSLSASVGDRVTITCRASQDIPRRISGYVAWYQQKPGKAPKLLIYWGSYLYSGVPSRFSGSGSGTDFTLTISSLQPEDFATYYCQQHYTTPPTFGQGTKVEIK
123,1fvd,EVQLVESGGGLVQPGGSLRLSCAASGFNIKDTYIHWVRQAPGKGLEWVARIYPTNGYTRYADSVKGRFTISADTSKNTLYLQMNSLRAEDTAVYYCSRWGGDGFYAMDVWGQGTLVTVSS,DIQMTQSPSSLSASVGDRVTITCRASQDVNTAVAWYQQKPGKAPKLLIYSASFLESGVPSRFSGSRSGTDFTLTISSLQPEDFATYYCQQHYTTPPTFGQGTKVEIK,1,24,EVQLVESGGGLVQPGGSLRLSCAASGFNIKDTYIHWVRQAPGKGLEWVARIYPTNGYTRYADSVKGRFTISADTSKNTLYLQMNSLRAEDTAVYYCSRWGGDGFYAMDVWGQGTLVTVSSDIQMTQSPSSLSASVGDRVTITCRASQDVNTAVAWYQQKPGKAPKLLIYSASFLESGVPSRFSGSRSGTDFTLTISSLQPEDFATYYCQQHYTTPPTFGQGTKVEIK
124,1fve,EVQLVESGGGLVQPGGSLRLSCAASGFNIKDTYIHWVRQAPGKGLEWVARIYPTNGYTRYADSVKGRFTISADTSKNTAYLQMNSLRAEDTAVYYCSRWGGDGFYAMDYWGQGTLVTVSS,DIQMTQSPSSLSASVGDRVTITCRASQDVNTAVAWYQQKPGKAPKLLIYSASFLESGVPSRFSGSRSGTDFTLTISSLQPEDFATYYCQQHYTTPPTFGQGTKVEIK,1,24,EVQLVESGGGLVQPGGSLRLSCAASGFNIKDTYIHWVRQAPGKGLEWVARIYPTNGYTRYADSVKGRFTISADTSKNTAYLQMNSLRAEDTAVYYCSRWGGDGFYAMDYWGQGTLVTVSSDIQMTQSPSSLSASVGDRVTITCRASQDVNTAVAWYQQKPGKAPKLLIYSASFLESGVPSRFSGSRSGTDFTLTISSLQPEDFATYYCQQHYTTPPTFGQGTKVEIK
619,2qqk,EVQLVESGGGLVQPGGSLRLSCAASGFTISGYGIHWVRQAPGKGLEWVAYIYPDSGYTDYADSVKGRFTISADTSKNTAYLQMNSLRAEDTAVYYCAREDFRNRRRLWYVMDYWGQGTLVTVSS,DIQMTQSPSSLSASVGDRVTITCRASQDVSTAVAWYQQKPGKAPKLLIYSASFLYSGVPSRFSGSGSGTDFTLTISSLQPEDFATYYCQQAWAYLPTFGQGTKVEIK,1,24,EVQLVESGGGLVQPGGSLRLSCAASGFTISGYGIHWVRQAPGKGLEWVAYIYPDSGYTDYADSVKGRFTISADTSKNTAYLQMNSLRAEDTAVYYCAREDFRNRRRLWYVMDYWGQGTLVTVSSDIQMTQSPSSLSASVGDRVTITCRASQDVSTAVAWYQQKPGKAPKLLIYSASFLYSGVPSRFSGSGSGTDFTLTISSLQPEDFATYYCQQAWAYLPTFGQGTKVEIK
620,2qqn,EVQLVESGGGLVQPGGSLRLSCAASGFTFSSYAMSWVRQAPGKGLEWVSQISPAGGYTNYADSVKGRFTISADTSKNTAYLQMNSLRAEDTAVYYCARGELPYYRMSKVMDVWGQGTLVTVSS,DIQMTQSPSSLSASVGDRVTITCRASQYFSSYLAWYQQKPGKAPKLLIYGASSRASGVPSRFSGSGSGTDFTLTISSLQPEDFATYYCQQYLGSPPTFGQGTKVEIK,0,24,EVQLVESGGGLVQPGGSLRLSCAASGFTFSSYAMSWVRQAPGKGLEWVSQISPAGGYTNYADSVKGRFTISADTSKNTAYLQMNSLRAEDTAVYYCARGELPYYRMSKVMDVWGQGTLVTVSSDIQMTQSPSSLSASVGDRVTITCRASQYFSSYLAWYQQKPGKAPKLLIYGASSRASGVPSRFSGSGSGTDFTLTISSLQPEDFATYYCQQYLGSPPTFGQGTKVEIK
742,3dvg,EVQLVESGGGLVQPGGSLRLSCAASGFNVKTGLIHWVRQAPGKGLEWVAYITPYYGSTSYADSVKGRFTISADTSKNTAYLQMNSLRAEDTAVYYCAREYYRWYTAIDYWGQGTLVTVSS,DIQMTQSPSSLSASVGDRVTITCRASQSVSSAVAWYQQKPGKAPKLLIYSARSLYSGVPSRFSGSRSGTDFTLTISSLQPEDFATYYCQQYSSYSSLFTFGQGTKVEIK,0,24,EVQLVESGGGLVQPGGSLRLSCAASGFNVKTGLIHWVRQAPGKGLEWVAYITPYYGSTSYADSVKGRFTISADTSKNTAYLQMNSLRAEDTAVYYCAREYYRWYTAIDYWGQGTLVTVSSDIQMTQSPSSLSASVGDRVTITCRASQSVSSAVAWYQQKPGKAPKLLIYSARSLYSGVPSRFSGSRSGTDFTLTISSLQPEDFATYYCQQYSSYSSLFTFGQGTKVEIK
743,3dvn,EVQLVESGGGLVQPGGSLRLSCAASGFNVKTGLIHWVRQAPGKGLEWVAYISPYYGSTSYADSVKGRFTISADTSKNTAYLQMNSLRAEDTAVYYCAREYYRWYTAIDYWGQGTLVTVSS,DIQMTQSPSSLSASVGDRVTITCRASQSVSSAVAWYQQKPGKAPKLLIYSASSLYSGVPSRFSGSRSGTDFTLTISSLQPEDFATYYCQQYSSYSSLFTFGQGTKVEIK,0,24,EVQLVESGGGLVQPGGSLRLSCAASGFNVKTGLIHWVRQAPGKGLEWVAYISPYYGSTSYADSVKGRFTISADTSKNTAYLQMNSLRAEDTAVYYCAREYYRWYTAIDYWGQGTLVTVSSDIQMTQSPSSLSASVGDRVTITCRASQSVSSAVAWYQQKPGKAPKLLIYSASSLYSGVPSRFSGSRSGTDFTLTISSLQPEDFATYYCQQYSSYSSLFTFGQGTKVEIK
940,3pgf,EVQLVESGGGLVQPGGSLRLSCAASGFNFSSSYIHWVRQAPGKGLEWVAYISSYSGYTSYADSVKGRFTISADTSKNTAYLQMNSLRAEDTAVYYCARTPWWYWSGLDYWGQGTLVTVSS,DIQMTQSPSSLSASVGDRVTITCRASQSVSSAVAWYQQKPGKAPKLLIYSASSLYSGVPSRFSGSRSGTDFTLTISSLQPEDFATYYCQQSSYIPVTFGQGTKVEIK,0,24,EVQLVESGGGLVQPGGSLRLSCAASGFNFSSSYIHWVRQAPGKGLEWVAYISSYSGYTSYADSVKGRFTISADTSKNTAYLQMNSLRAEDTAVYYCARTPWWYWSGLDYWGQGTLVTVSSDIQMTQSPSSLSASVGDRVTITCRASQSVSSAVAWYQQKPGKAPKLLIYSASSLYSGVPSRFSGSRSGTDFTLTISSLQPEDFATYYCQQSSYIPVTFGQGTKVEIK
943,3pnw,EVQLVESGGGLVQPGGSLRLSCAASGFNLSSSYMHWVRQAPGKGLEWVASISSSYGSTYYADSVKGRFTISADTSKNTAYLQMNSLRAEDTAVYYCARTVRGSKKPYFSGWAMDYWGQGTLVTVSS,DIQMTQSPSSLSASVGDRVTITCRASQSVSSAVAWYQQKPGKAPKLLIYSASSLYSGVPSRFSGSRSGTDFTLTISSLQPEDFATYYCQQHGPFYWLFTFGQGTKVEIK,0,24,EVQLVESGGGLVQPGGSLRLSCAASGFNLSSSYMHWVRQAPGKGLEWVASISSSYGSTYYADSVKGRFTISADTSKNTAYLQMNSLRAEDTAVYYCARTVRGSKKPYFSGWAMDYWGQGTLVTVSSDIQMTQSPSSLSASVGDRVTITCRASQSVSSAVAWYQQKPGKAPKLLIYSASSLYSGVPSRFSGSRSGTDFTLTISSLQPEDFATYYCQQHGPFYWLFTFGQGTKVEIK
971,3r1g,EVQLVESGGGLVQPGGSLRLSCAASGFTFLGYGIHWVRQAPGKGLEWVGWISPAGGSTDYADSVKGRFTISADTSKNTAYLQMNSLRAEDTAVYYCARGPFSPWVMDYWGQGTLVTVSS,DIQMTQSPSSLSASVGDRVTITCRASQDVSTAVAWYQQKPGKAPKLLIYSASFLYSGVPSRFSGSGSGTDFTLTISSLQPEDFATYYCQQFPTYLPTFGQGTKVEIK,0,24,EVQLVESGGGLVQPGGSLRLSCAASGFTFLGYGIHWVRQAPGKGLEWVGWISPAGGSTDYADSVKGRFTISADTSKNTAYLQMNSLRAEDTAVYYCARGPFSPWVMDYWGQGTLVTVSSDIQMTQSPSSLSASVGDRVTITCRASQDVSTAVAWYQQKPGKAPKLLIYSASFLYSGVPSRFSGSGSGTDFTLTISSLQPEDFATYYCQQFPTYLPTFGQGTKVEIK
1095,4dkf,EVQLVESGGGLVQPGGSLRLSCAASGFSFTSYGISWVRQAPGKGLEWVSHIDWYGGDTDYADSVKGRFTISADTSKNTAYLQMNSLRAEDTAVYYCARGGPDYAMDVWGQGTLVTVSS,DIQMTQSPSSLSASVGDRVTITCRASQSISSYLAWYQQKPGKAPKLLIYGASSRASGVPSRFSGSGSGTDFTLTISSLQPEDFATYYCQQYWSEPVTFGQGTKVEIK,1,24,EVQLVESGGGLVQPGGSLRLSCAASGFSFTSYGISWVRQAPGKGLEWVSHIDWYGGDTDYADSVKGRFTISADTSKNTAYLQMNSLRAEDTAVYYCARGGPDYAMDVWGQGTLVTVSSDIQMTQSPSSLSASVGDRVTITCRASQSISSYLAWYQQKPGKAPKLLIYGASSRASGVPSRFSGSGSGTDFTLTISSLQPEDFATYYCQQYWSEPVTFGQGTKVEIK
1241,4k9e,EVQLVESGGGLVQPGGSLRLSCAASGFNISVYMMHWVRQAPGKGLEWVASIYPYSGYTYYADSVKGRFTISADTSKNTAYLQMNSLRAEDTAVYYCARYVYHALDYWGQGTLVTVSS,DIQMTQSPSSLSASVGDRVTITCRASQRGLRNVAVAWYQQKPGKAPKLLIYSASSLYSGVPSRFSGSRSGTDFTLTISSLQPEDFATYYCQQWAVHSLITFGQGTKVEIK,0,24,EVQLVESGGGLVQPGGSLRLSCAASGFNISVYMMHWVRQAPGKGLEWVASIYPYSGYTYYADSVKGRFTISADTSKNTAYLQMNSLRAEDTAVYYCARYVYHALDYWGQGTLVTVSSDIQMTQSPSSLSASVGDRVTITCRASQRGLRNVAVAWYQQKPGKAPKLLIYSASSLYSGVPSRFSGSRSGTDFTLTISSLQPEDFATYYCQQWAVHSLITFGQGTKVEIK
1329,4nnp,EVQLVESGGGLVQPGGSLRLSCAASGFNFSSSSIHWVRQAPGKGLEWVASIYSYSGYTYYADSVKGRFTISADTSKNTAYLQMNSLRAEDTAVYYCARQSSAEIESWYYYSGEAMDYWGQGTLVTVSS,DIQMTQSPSSLSASVGDRVTITCRASQSVSSAVAWYQQKPGKAPKLLIYSASSLYSGVPSRFSGSRSGTDFTLTISSLQPEDFATYYCQQSYYSSPFTFGQGTKVEIK,0,24,EVQLVESGGGLVQPGGSLRLSCAASGFNFSSSSIHWVRQAPGKGLEWVASIYSYSGYTYYADSVKGRFTISADTSKNTAYLQMNSLRAEDTAVYYCARQSSAEIESWYYYSGEAMDYWGQGTLVTVSSDIQMTQSPSSLSASVGDRVTITCRASQSVSSAVAWYQQKPGKAPKLLIYSASSLYSGVPSRFSGSRSGTDFTLTISSLQPEDFATYYCQQSYYSSPFTFGQGTKVEIK
1460,4x4x,EVQLVESGGGLVQPGGSLRLSCAASGFNIKDTYIHWVRQAPGKGLEWVARIYPTNGYTRYADSVKGRFTISADTSKNTAYLQMNSLRAEDTAVYYCSRWGGDGFYAMDVWGQGTLVTVSS,DIQMTQSPSSLSASVGDRVTITCRASQDVNTAVAWYQQKPGKAPKLLIYSADFLYSGVPSRFSGSRSGTDFTLTISSLQPEDFATYYCQQHYTTPPTFGQGTKVEIK,0,24,EVQLVESGGGLVQPGGSLRLSCAASGFNIKDTYIHWVRQAPGKGLEWVARIYPTNGYTRYADSVKGRFTISADTSKNTAYLQMNSLRAEDTAVYYCSRWGGDGFYAMDVWGQGTLVTVSSDIQMTQSPSSLSASVGDRVTITCRASQDVNTAVAWYQQKPGKAPKLLIYSADFLYSGVPSRFSGSRSGTDFTLTISSLQPEDFATYYCQQHYTTPPTFGQGTKVEIK
1461,4x4y,EVQLVESGGGLVQPGGSLRLSCAASGFNIDDTYIHWVRQAPGKGLEWVARIYPTNGYTRYADSVKGRFTISADTSKNTAYLQMNSLRAEDTAVYYCSRWGGDGFYAMDVWGQGTLVTVSS,DIQMTQSPSSLSASVGDRVTITCRASQDVNTAVAWYQQKPGKAPKLLIYSADFLYSGVPSRFSGSRSGTDFTLTISSLQPEDFATYYCQQHYTTPPTFGQGTKVEIK,0,24,EVQLVESGGGLVQPGGSLRLSCAASGFNIDDTYIHWVRQAPGKGLEWVARIYPTNGYTRYADSVKGRFTISADTSKNTAYLQMNSLRAEDTAVYYCSRWGGDGFYAMDVWGQGTLVTVSSDIQMTQSPSSLSASVGDRVTITCRASQDVNTAVAWYQQKPGKAPKLLIYSADFLYSGVPSRFSGSRSGTDFTLTISSLQPEDFATYYCQQHYTTPPTFGQGTKVEIK
1489,4xtr,EVQLVESGGGLVQPGGSLRLSCAASGFNLYYYSIHWVRQAPGKGLEWVASISPYSSSTSYADSVKGRFTISADTSKNTAYLQMNSLRAEDTAVYYCARGRWYRRALDYWGQGTLVTVSS,DIQMTQSPSSLSASVGDRVTITCRASQSVSSAVAWYQQKPGKAPKLLIYSASSLYSGVPSRFSGSRSGTDFTLTISSLQPEDFATYYCQQYPYYSSLITFGQGTKVEIK,0,24,EVQLVESGGGLVQPGGSLRLSCAASGFNLYYYSIHWVRQAPGKGLEWVASISPYSSSTSYADSVKGRFTISADTSKNTAYLQMNSLRAEDTAVYYCARGRWYRRALDYWGQGTLVTVSSDIQMTQSPSSLSASVGDRVTITCRASQSVSSAVAWYQQKPGKAPKLLIYSASSLYSGVPSRFSGSRSGTDFTLTISSLQPEDFATYYCQQYPYYSSLITFGQGTKVEIK
1529,4zff,EVQLVESGGGLVQPGGSLRLSCAASGFTISDYWIHWVRQAPGKGLEWVAGITPAGGYTYYADSVKGRFTISADTSKNTAYLQMNSLRAEDTAVYYCARFVFFLPYAMDYWGQGTLVTVSS,DIQMTQSPSSLSASVGDRVTITCRASQFLSSFGVAWYQQKPGKAPKLLIYGASSLYSGVPSRFSGSGSGTDFTLTISSLQPEDFATYYCQQGLLSPLTFGQGTKVEIK,0,24,EVQLVESGGGLVQPGGSLRLSCAASGFTISDYWIHWVRQAPGKGLEWVAGITPAGGYTYYADSVKGRFTISADTSKNTAYLQMNSLRAEDTAVYYCARFVFFLPYAMDYWGQGTLVTVSSDIQMTQSPSSLSASVGDRVTITCRASQFLSSFGVAWYQQKPGKAPKLLIYGASSLYSGVPSRFSGSGSGTDFTLTISSLQPEDFATYYCQQGLLSPLTFGQGTKVEIK
1559,5bjz,EVQLVESGGGLVQPGGSLRLSCAASGFNLSSSSIHWVRQAPGKGLEWVASIYSYYGSTSYADSVKGRFTISADTSKNTAYLQMNSLRAEDTAVYYCAREYHSYWSYSWWPRVGLDYWGQGTLVTVSS,DIQMTQSPSSLSASVGDRVTITCRASQSVSSAVAWYQQKPGKAPKLLIYSASSLYSGVPSRFSGSRSGTDFTLTISSLQPEDFATYYCQQASLTALLTFGQGTKVEIK,0,24,EVQLVESGGGLVQPGGSLRLSCAASGFNLSSSSIHWVRQAPGKGLEWVASIYSYYGSTSYADSVKGRFTISADTSKNTAYLQMNSLRAEDTAVYYCAREYHSYWSYSWWPRVGLDYWGQGTLVTVSSDIQMTQSPSSLSASVGDRVTITCRASQSVSSAVAWYQQKPGKAPKLLIYSASSLYSGVPSRFSGSRSGTDFTLTISSLQPEDFATYYCQQASLTALLTFGQGTKVEIK
1560,5bk1,EVQLVESGGGLVQPGGSLRLSCAASGFNVYYSSIHWVRQAPGKGLEWVASIYSYYGSTSYADSVKGRFTISADTSKNTAYLQMNSLRAEDTAVYYCAREYHSYVYEPPLYGMDYWGQGTLVTVSS,DIQMTQSPSSLSASVGDRVTITCRASQSVSSAVAWYQQKPGSAPSLLIYSASSLYSGVPSRFSGSRSGTDFTLTISSLQPEDFATYYCQQSPQGYLVTFGQGTKVEIK,0,24,EVQLVESGGGLVQPGGSLRLSCAASGFNVYYSSIHWVRQAPGKGLEWVASIYSYYGSTSYADSVKGRFTISADTSKNTAYLQMNSLRAEDTAVYYCAREYHSYVYEPPLYGMDYWGQGTLVTVSSDIQMTQSPSSLSASVGDRVTITCRASQSVSSAVAWYQQKPGSAPSLLIYSASSLYSGVPSRFSGSRSGTDFTLTISSLQPEDFATYYCQQSPQGYLVTFGQGTKVEIK
1623,5e08,EVQLVESGGGLVQPGGSLRLSCAASGFSISSSYIHWVRQAPGKGLEWVAYIYPYYGSTYYADSVKGRFTISADTSKNTAYLQMNSLRAEDTAVYYCARYYSSGGSYYRYSRGFDYWGQGTLVTVSS,DIQMTQSPSSLSASVGDRVTITCRASQSVSSAVAWYQQKPGKAPKLLIYSASSLYSGVPSRFSGSRSGTDFTLTISSLQPEDFATYYCQQSYSYPYTFGQGTKVEIK,1,24,EVQLVESGGGLVQPGGSLRLSCAASGFSISSSYIHWVRQAPGKGLEWVAYIYPYYGSTYYADSVKGRFTISADTSKNTAYLQMNSLRAEDTAVYYCARYYSSGGSYYRYSRGFDYWGQGTLVTVSSDIQMTQSPSSLSASVGDRVTITCRASQSVSSAVAWYQQKPGKAPKLLIYSASSLYSGVPSRFSGSRSGTDFTLTISSLQPEDFATYYCQQSYSYPYTFGQGTKVEIK
1648,5eu7,EVQLVESGGGLVQPGGSLRLSCAASGFNLYSYSMHWVRQAPGKGLEWVAYIYPYSGSTSYADSVKGRFTISADTSKNTAYLQMNSLRAEDTAVYYCARESSYFYDGSYSYYDYEGAMDYWGQGTLVTVSS,DIQMTQSPSSLSASVGDRVTITCRASQSVSSAVAWYQQKPGKAPKLLIYSASSLYSGVPSRFSGSRSGTDFTLTISSLQPEDFATYYCQQSSYSPLTFGQGTKVEIK,0,24,EVQLVESGGGLVQPGGSLRLSCAASGFNLYSYSMHWVRQAPGKGLEWVAYIYPYSGSTSYADSVKGRFTISADTSKNTAYLQMNSLRAEDTAVYYCARESSYFYDGSYSYYDYEGAMDYWGQGTLVTVSSDIQMTQSPSSLSASVGDRVTITCRASQSVSSAVAWYQQKPGKAPKLLIYSASSLYSGVPSRFSGSRSGTDFTLTISSLQPEDFATYYCQQSSYSPLTFGQGTKVEIK
1879,5tdn,EVQLVESGGGLVQPGGSLRLSCAASGFNIKDTYIHWVREAPGKGLEWVARIYPTNGYTRYADSVKGRFTISADTSKNTAYLQMNSLRAEDTAVYYCSRWGGDGFYAMDYWGQGTLVTVSS,DIQMTQSPSSLSASVGDRVTITCRASQDVNTAVAWYQKKPGKAPKLLIYSASFLESGVPSRFSGSRSGTDFTLTISSLQPEDFATYYCQQHYTTPPTFGQGTKVEIK,0,24,EVQLVESGGGLVQPGGSLRLSCAASGFNIKDTYIHWVREAPGKGLEWVARIYPTNGYTRYADSVKGRFTISADTSKNTAYLQMNSLRAEDTAVYYCSRWGGDGFYAMDYWGQGTLVTVSSDIQMTQSPSSLSASVGDRVTITCRASQDVNTAVAWYQKKPGKAPKLLIYSASFLESGVPSRFSGSRSGTDFTLTISSLQPEDFATYYCQQHYTTPPTFGQGTKVEIK
1880,5tdo,EVQLVESGGGLVQPGGSLRLSCAASGFNIKDTYIHWVRKAPGKGLEWVARIYPTNGYTRYADSVKGRFTISADTSKNTAYLQMNSLRAEDTAVYYCSRWGGDGFYAMDYWGQGTLVTVSS,DIQMTQSPSSLSASVGDRVTITCRASQDVNTAVAWYQEKPGKAPKLLIYSASFLESGVPSRFSGSRSGTDFTLTISSLQPEDFATYYCQQHYTTPPTFGQGTKVEIK,1,24,EVQLVESGGGLVQPGGSLRLSCAASGFNIKDTYIHWVRKAPGKGLEWVARIYPTNGYTRYADSVKGRFTISADTSKNTAYLQMNSLRAEDTAVYYCSRWGGDGFYAMDYWGQGTLVTVSSDIQMTQSPSSLSASVGDRVTITCRASQDVNTAVAWYQEKPGKAPKLLIYSASFLESGVPSRFSGSRSGTDFTLTISSLQPEDFATYYCQQHYTTPPTFGQGTKVEIK
1925,5uek,EVQLVESGGGLVQPGGSLRLSCAASGFNVSYYSIHWVRQAPGKGLEWVASIYPYSGSTSYADSVKGRFTISADTSKNTAYLQMNSLRAEDTAVYYCARGYGWALDYWGQGTLVTVFN,DIQMTQSPSSLSASVGDRVTITCRASQSVSSAVAWYQQKPGKAPKLLIYSASSLYSGVPSRFSGSRSGTDFTLTISSLQPEDFATYYCQQDGWSLITFGQGTKVEIK,0,24,EVQLVESGGGLVQPGGSLRLSCAASGFNVSYYSIHWVRQAPGKGLEWVASIYPYSGSTSYADSVKGRFTISADTSKNTAYLQMNSLRAEDTAVYYCARGYGWALDYWGQGTLVTVFNDIQMTQSPSSLSASVGDRVTITCRASQSVSSAVAWYQQKPGKAPKLLIYSASSLYSGVPSRFSGSRSGTDFTLTISSLQPEDFATYYCQQDGWSLITFGQGTKVEIK
1974,5vz1,EVQLVESGGGLVQPGGSLRLSCAASGFNVYYYYIHWVRQAPGKGLEWVASISPYYGYTSYADSVKGRFTISADTSKNTAYLQMNSLRAEDTAVYYCARWSYDQSMSYKSGMDYWGQGTLVTVSS,DIQMTQSPSSLSASVGDRVTITCRASQSVSSAVAWYQQKPGKAPKLLIYSASSLYSGVPSRFSGSRSGTDFTLTISSLQPEDFATYYCQQYSYSLVTFGQGTKVEIK,0,24,EVQLVESGGGLVQPGGSLRLSCAASGFNVYYYYIHWVRQAPGKGLEWVASISPYYGYTSYADSVKGRFTISADTSKNTAYLQMNSLRAEDTAVYYCARWSYDQSMSYKSGMDYWGQGTLVTVSSDIQMTQSPSSLSASVGDRVTITCRASQSVSSAVAWYQQKPGKAPKLLIYSASSLYSGVPSRFSGSRSGTDFTLTISSLQPEDFATYYCQQYSYSLVTFGQGTKVEIK
2083,6ayz,EVQLVESGGGLVQPGGSLRLSCAASGFNVSYYSIHWVRQAPGKGLEWVASIYPYYGSTSYADSVKGRFTISADTSKNTAYLQMNSLRAEDTAVYYCARGYGWALDYWGQGTLVTVSS,DIQMTQSPSSLSASVGDRVTITCRASQSVSSAVAWYQQKPGKAPKLLIYSASSLYSGVPSRFSGSRSGTDFTLTISSLQPEDFATYYCQQDGWSLITFGQGTKVEIK,0,24,EVQLVESGGGLVQPGGSLRLSCAASGFNVSYYSIHWVRQAPGKGLEWVASIYPYYGSTSYADSVKGRFTISADTSKNTAYLQMNSLRAEDTAVYYCARGYGWALDYWGQGTLVTVSSDIQMTQSPSSLSASVGDRVTITCRASQSVSSAVAWYQQKPGKAPKLLIYSASSLYSGVPSRFSGSRSGTDFTLTISSLQPEDFATYYCQQDGWSLITFGQGTKVEIK
2096,6b14,EVQLVESGGGLVQPGGSLRLSCAASGFYISYSSIHWVRQAPGKGLEWVASISPYSGSTYYADSVKGRFTISADTSKNTAYLQMNSLRAEDTAVYYCARQGYRRRSGRGFDYWGQGTLVTVSS,DIQMTQSPSSLSASVGDRVTITCRASQSVSSAVAWYQQKPGKAPKLLIYSASSLYSGVPSRFSGSRSGTDFTLTISSLQPEDFATYYCQQSYSFPNTFGQGTKVEIK,1,24,EVQLVESGGGLVQPGGSLRLSCAASGFYISYSSIHWVRQAPGKGLEWVASISPYSGSTYYADSVKGRFTISADTSKNTAYLQMNSLRAEDTAVYYCARQGYRRRSGRGFDYWGQGTLVTVSSDIQMTQSPSSLSASVGDRVTITCRASQSVSSAVAWYQQKPGKAPKLLIYSASSLYSGVPSRFSGSRSGTDFTLTISSLQPEDFATYYCQQSYSFPNTFGQGTKVEIK
2123,6bgt,EVQLVESGGGLVQPGGSLRLSCAASGFNIDDTYIHWVRQAPGKGLEWVARIYPTNGYTRYADSVKGRFTISADTSKNTAYLQMNSLRAEDTAVYYCSRWGGDGFYAMDYWGQGTLVTVSS,DIQMTQSPSSLSASVGDRVTITCRASQDVNTAVAWYQQKPGKAPKLLIYSADFLYSGVPSRFSGSRSGTDFTLTISSLQPEDFATYYCQQHYTTPPTFGQGTKVEIK,1,24,EVQLVESGGGLVQPGGSLRLSCAASGFNIDDTYIHWVRQAPGKGLEWVARIYPTNGYTRYADSVKGRFTISADTSKNTAYLQMNSLRAEDTAVYYCSRWGGDGFYAMDYWGQGTLVTVSSDIQMTQSPSSLSASVGDRVTITCRASQDVNTAVAWYQQKPGKAPKLLIYSADFLYSGVPSRFSGSRSGTDFTLTISSLQPEDFATYYCQQHYTTPPTFGQGTKVEIK
2156,6cbv,EVQLVESGGGLVQPGGSLRLSCAASGFNVVDFSLHWVRQAPGKGLEWVAYISSSSGSTSYADSVKGRFTISADTSKNTAYLQMNSLRAEDTAVYYCARWGYWPGEPWWKAFDYWGQGTLVTVSS,DIQMTQSPSSLSASVGDRVTITCRASQSVSSAVAWYQQKPGKAPKLLIYSASSLYSGVPSRFSGSRSGTDFTLTISSLQPEDFATYYCQQYLYYSLVTFGQGTKVEIK,0,24,EVQLVESGGGLVQPGGSLRLSCAASGFNVVDFSLHWVRQAPGKGLEWVAYISSSSGSTSYADSVKGRFTISADTSKNTAYLQMNSLRAEDTAVYYCARWGYWPGEPWWKAFDYWGQGTLVTVSSDIQMTQSPSSLSASVGDRVTITCRASQSVSSAVAWYQQKPGKAPKLLIYSASSLYSGVPSRFSGSRSGTDFTLTISSLQPEDFATYYCQQYLYYSLVTFGQGTKVEIK
2171,6cw2,EVQLVESGGGLVQPGGSLRLSCAASGFNVSYSSIHWVRQAPGKGLEWVASIYPYYGSTSYADSVKGRFTISADTSKNTAYLQMNSLRAEDTAVYYCARNWYWFGGHFGYYMMPWAMDYWGQGTLVTVSS,DIQMTQSPSSLSASVGDRVTITCRASQSVSSAVAWYQQKPGKAPKLLIYSASSLYSGVPSRFSGSRSGTDFTLTISSLQPEDFATYYCQQSSWYPVTFGQGTKVEIK,0,24,EVQLVESGGGLVQPGGSLRLSCAASGFNVSYSSIHWVRQAPGKGLEWVASIYPYYGSTSYADSVKGRFTISADTSKNTAYLQMNSLRAEDTAVYYCARNWYWFGGHFGYYMMPWAMDYWGQGTLVTVSSDIQMTQSPSSLSASVGDRVTITCRASQSVSSAVAWYQQKPGKAPKLLIYSASSLYSGVPSRFSGSRSGTDFTLTISSLQPEDFATYYCQQSSWYPVTFGQGTKVEIK
2172,6cw3,EVQLVESGGGLVQPGGSLRLSCAASGFNFSSSYIHWVRQAPGKGLEWVASIYSYYGSTYYADSVKGRFTISADTSKNTAYLQMNSLRAEDTAVYYCARWWQGMYEMGYGMDYWGQGTLVTVSS,DIQMTQSPSSLSASVGDRVTITCRASQSVSSAVAWYQQKPGKAPKLLIYSASSLYSGVPSRFSGSRSGTDFTLTISSLQPEDFATYYCQQGWANLITFGQGTKVEIK,0,24,EVQLVESGGGLVQPGGSLRLSCAASGFNFSSSYIHWVRQAPGKGLEWVASIYSYYGSTYYADSVKGRFTISADTSKNTAYLQMNSLRAEDTAVYYCARWWQGMYEMGYGMDYWGQGTLVTVSSDIQMTQSPSSLSASVGDRVTITCRASQSVSSAVAWYQQKPGKAPKLLIYSASSLYSGVPSRFSGSRSGTDFTLTISSLQPEDFATYYCQQGWANLITFGQGTKVEIK
2201,6dn0,EVQLVESGGGLVQPGGSLRLSCAASGFNIDDTYIHWVRQAPGKGLEWVARIYPTNGYTRYADSVKGRFTISADTSKNTAYLQMNSLRAEDTAVYYCSRWGGDGFYAMDVWGQGTLVTVSS,DIQMTQSPSSLSASVGDRVTITCRASQDVNTAVAWYQQKPGKAPKLLIYSADFLYSGVPSRFSGSRSGTDFTLTISSLQPEDFATYYCQQHYTTPPTFGQGTKVEI,0,24,EVQLVESGGGLVQPGGSLRLSCAASGFNIDDTYIHWVRQAPGKGLEWVARIYPTNGYTRYADSVKGRFTISADTSKNTAYLQMNSLRAEDTAVYYCSRWGGDGFYAMDVWGQGTLVTVSSDIQMTQSPSSLSASVGDRVTITCRASQDVNTAVAWYQQKPGKAPKLLIYSADFLYSGVPSRFSGSRSGTDFTLTISSLQPEDFATYYCQQHYTTPPTFGQGTKVEI
2368,6o39,EVQLVESGGGLVQPGGSLRLSCAASGFNIHSSSIHWVRQAPGKGLEWVAATYSSFGSITYADSVKGRFTISADTSKNTAYLQMNSLRAEDTAVYYCARYHHPFGYALDYWGQGTLVTVSS,DIQMTQSPSSLSASVGDRVTITCRASQSVSSAVAWYQQKPGKAPKLLIYSASSLYSGVPSRFSGSRSGTDFTLTISSLQPEDFATYYCQQGVYLFTFGQGTKVEIK,0,24,EVQLVESGGGLVQPGGSLRLSCAASGFNIHSSSIHWVRQAPGKGLEWVAATYSSFGSITYADSVKGRFTISADTSKNTAYLQMNSLRAEDTAVYYCARYHHPFGYALDYWGQGTLVTVSSDIQMTQSPSSLSASVGDRVTITCRASQSVSSAVAWYQQKPGKAPKLLIYSASSLYSGVPSRFSGSRSGTDFTLTISSLQPEDFATYYCQQGVYLFTFGQGTKVEIK
2369,6o3a,EVQLVESGGGLVQPGGSLRLSCAASGFNFSSSSIHWVRQAPGKGLEWVAYIYPSYDYTYYADSVKGRFTISADTSKNTAYLQMNSLRAEDTAVYYCARGYFYTWGGMDYWGQGTLVTVSS,DIQMTQSPSSLSASVGDRVTITCRASQSVSSAVAWYQQKPGKAPKLLIYSASSLYSGVPSRFSGSRSGTDFTLTISSLQPEDFATYYCQQYYSLFTFGQGTKVEIK,0,24,EVQLVESGGGLVQPGGSLRLSCAASGFNFSSSSIHWVRQAPGKGLEWVAYIYPSYDYTYYADSVKGRFTISADTSKNTAYLQMNSLRAEDTAVYYCARGYFYTWGGMDYWGQGTLVTVSSDIQMTQSPSSLSASVGDRVTITCRASQSVSSAVAWYQQKPGKAPKLLIYSASSLYSGVPSRFSGSRSGTDFTLTISSLQPEDFATYYCQQYYSLFTFGQGTKVEIK
2370,6o3b,EVQLVESGGGLVQPGGSLRLSCAASGFNIYYYSMHWVRQAPGKGLEWVASIYSSYSYTSYADSVKGRFTISADTSKNTAYLQMNSLRAEDTAVYYCARSSPGADYGLDYWGQGTLVTVSS,DIQMTQSPSSLSASVGDRVTITCRASQSVSSAVAWYQQKPGKAPKLLIYSASSLYSGVPSRFSGSRSGTDFTLTISSLQPEDFATYYCQQWAYGPFTFGQGTKVEIK,0,24,EVQLVESGGGLVQPGGSLRLSCAASGFNIYYYSMHWVRQAPGKGLEWVASIYSSYSYTSYADSVKGRFTISADTSKNTAYLQMNSLRAEDTAVYYCARSSPGADYGLDYWGQGTLVTVSSDIQMTQSPSSLSASVGDRVTITCRASQSVSSAVAWYQQKPGKAPKLLIYSASSLYSGVPSRFSGSRSGTDFTLTISSLQPEDFATYYCQQWAYGPFTFGQGTKVEIK
2381,6otc,EVQLVESGGGLVQPGGSLRLSCAASGFNISYYYIHWVRQAPGKGLEWVASIYPYYGYTSYADSVKGRFTISADTSKNTAYLQMNSLRAEDTAVYYCARGSSWYGAHAFDYWGQGTLVTVSS,DIQMTQSPSSLSASVGDRVTITCRASQSVSSAVAWYQQKPGKAPKLLIYSASSLYSGVPSRFSGSRSGTDFTLTISSLQPEDFATYYCQQGYYYAYSLITFGQGTKVEIK,0,24,EVQLVESGGGLVQPGGSLRLSCAASGFNISYYYIHWVRQAPGKGLEWVASIYPYYGYTSYADSVKGRFTISADTSKNTAYLQMNSLRAEDTAVYYCARGSSWYGAHAFDYWGQGTLVTVSSDIQMTQSPSSLSASVGDRVTITCRASQSVSSAVAWYQQKPGKAPKLLIYSASSLYSGVPSRFSGSRSGTDFTLTISSLQPEDFATYYCQQGYYYAYSLITFGQGTKVEIK
82,1dqj,EVQLQESGPSLVKPSQTLSLTCSVTGDSVTSDYWSWIRKFPGNKLEYMGYISYSGSTYYHPSLKSRISITRDTSKNQYYLQLNSVTTEDTATYYCASWGGDVWGAGTTVTVSS,DIVLTQSPATLSVTPGDSVSLSCRASQSISNNLHWYQQKSHESPRLLIKYASQSISGIPSRFSGSGSGTDFTLSINSVETEDFGMYFCQQSNSWPYTFGGGTKLEIK,1,28,EVQLQESGPSLVKPSQTLSLTCSVTGDSVTSDYWSWIRKFPGNKLEYMGYISYSGSTYYHPSLKSRISITRDTSKNQYYLQLNSVTTEDTATYYCASWGGDVWGAGTTVTVSSDIVLTQSPATLSVTPGDSVSLSCRASQSISNNLHWYQQKSHESPRLLIKYASQSISGIPSRFSGSGSGTDFTLSINSVETEDFGMYFCQQSNSWPYTFGGGTKLEIK
139,1gpo,EVKLQESGPSLVKPSQTLSLTCSVTGDSITSDFWSWIRQFPGNRLEYMGFVQYSGETAYNPSLKSRISITRDTSKNQYYLDLNSVTTEDTAVYYCANWHGDYWGQGTTVTVSS,DIELTQSPATLSVTPGNSVSISCRASQSLVNEDGNTYLFWYQQKSHESPRLLIKYASQSISGIPSRFSGSGSGTDFTLSINSVETEDLAVYFCQQITDWPFTFGGGTKLEIK,1,28,EVKLQESGPSLVKPSQTLSLTCSVTGDSITSDFWSWIRQFPGNRLEYMGFVQYSGETAYNPSLKSRISITRDTSKNQYYLDLNSVTTEDTAVYYCANWHGDYWGQGTTVTVSSDIELTQSPATLSVTPGNSVSISCRASQSLVNEDGNTYLFWYQQKSHESPRLLIKYASQSISGIPSRFSGSGSGTDFTLSINSVETEDLAVYFCQQITDWPFTFGGGTKLEIK
163,1ic4,DVQLQESGPSLVKPSQTLSLTCSVTGDSITSAYWSWIRKFPGNRLEYMGYVSYSGSTYYNPSLKSRISITRDTSKNQYYLDLNSVTTEDTATYYCANWDGDYWGQGTLVTVSA,DIVLTQSPATLSVTPGNSVSLSCRASQSIGNNLHWYQQKSHESPRLLIKYASQSISGIPSRFSGSGSGTDFTLSINSVETEDFGMYFCQQSNSWPYTFGGGTKLEIK,0,28,DVQLQESGPSLVKPSQTLSLTCSVTGDSITSAYWSWIRKFPGNRLEYMGYVSYSGSTYYNPSLKSRISITRDTSKNQYYLDLNSVTTEDTATYYCANWDGDYWGQGTLVTVSADIVLTQSPATLSVTPGNSVSLSCRASQSIGNNLHWYQQKSHESPRLLIKYASQSISGIPSRFSGSGSGTDFTLSINSVETEDFGMYFCQQSNSWPYTFGGGTKLEIK
164,1ic5,DVQLQESGPSLVKPSQTLSLTCSVTGDSITSDYWSWIRKFPGNRLEYMGYVSYSGSTYYNPSLKSRISITRDTSKNQYYLDLNSVTTEDTATYYCANWAGDYWGQGTLVTVSA,DIVLTQSPATLSVTPGNSVSLSCRASQSIGNNLHWYQQKSHESPRLLIKYASQSISGIPSRFSGSGSGTDFTLSINSVETEDFGMYFCQQSNSWPYTFGGGTKLEIK,0,28,DVQLQESGPSLVKPSQTLSLTCSVTGDSITSDYWSWIRKFPGNRLEYMGYVSYSGSTYYNPSLKSRISITRDTSKNQYYLDLNSVTTEDTATYYCANWAGDYWGQGTLVTVSADIVLTQSPATLSVTPGNSVSLSCRASQSIGNNLHWYQQKSHESPRLLIKYASQSISGIPSRFSGSGSGTDFTLSINSVETEDFGMYFCQQSNSWPYTFGGGTKLEIK
165,1ic7,DVQLQESGPSLVKPSQTLSLTCSVTGDSITSAYWSWIRKFPGNRLEYMGYVSYSGSTYYNPSLKSRISITRDTSKNQYYLDLNSVTTEDTATYYCANWAGDYWGQGTLVTVSA,DIVLTQSPATLSVTPGNSVSLSCRASQSIGNNLHWYQQKSHESPRLLIKYASQSISGIPSRFSGSGSGTDFTLSINSVETEDFGMYFCQQSNSWPYTFGGGTKLEIK,0,28,DVQLQESGPSLVKPSQTLSLTCSVTGDSITSAYWSWIRKFPGNRLEYMGYVSYSGSTYYNPSLKSRISITRDTSKNQYYLDLNSVTTEDTATYYCANWAGDYWGQGTLVTVSADIVLTQSPATLSVTPGNSVSLSCRASQSIGNNLHWYQQKSHESPRLLIKYASQSISGIPSRFSGSGSGTDFTLSINSVETEDFGMYFCQQSNSWPYTFGGGTKLEIK
181,1j1o,DVQLQESGPSLVKPSQTLSLTCSVTGDSITSDYWSWIRKFPGNRLEYMGYVSYSGSTYYNPSLKSRISITRDTSKNQYYLDLNSVTTEDTATYYCANWDGDYWGQGTLVTVSA,DIVLTQSPATLSVTPGNSVSLSCRASQSIGNNLHWYQQKSHESPRLLIKFASQSISGIPSRFSGSGSGTDFTLSINSVETEDFGMYFCQQSNSWPYTFGGGTKLEIK,0,28,DVQLQESGPSLVKPSQTLSLTCSVTGDSITSDYWSWIRKFPGNRLEYMGYVSYSGSTYYNPSLKSRISITRDTSKNQYYLDLNSVTTEDTATYYCANWDGDYWGQGTLVTVSADIVLTQSPATLSVTPGNSVSLSCRASQSIGNNLHWYQQKSHESPRLLIKFASQSISGIPSRFSGSGSGTDFTLSINSVETEDFGMYFCQQSNSWPYTFGGGTKLEIK
182,1j1p,DVQLQESGPSLVKPSQTLSLTCSVTGDSITSDYWSWIRKFPGNRLEYMGYVSYSGSTYYNPSLKSRISITRDTSKNQYYLDLNSVTTEDTATYYCANWDGDYWGQGTLVTVSA,DIVLTQSPATLSVTPGNSVSLSCRASQSIGNNLHWYQQKSHESPRLLIKYASQSISGIPSRFSGSGSGTDFTLSINSVETEDFGMYFCQQANSWPYTFGGGTKLEIK,0,28,DVQLQESGPSLVKPSQTLSLTCSVTGDSITSDYWSWIRKFPGNRLEYMGYVSYSGSTYYNPSLKSRISITRDTSKNQYYLDLNSVTTEDTATYYCANWDGDYWGQGTLVTVSADIVLTQSPATLSVTPGNSVSLSCRASQSIGNNLHWYQQKSHESPRLLIKYASQSISGIPSRFSGSGSGTDFTLSINSVETEDFGMYFCQQANSWPYTFGGGTKLEIK
183,1j1x,DVQLQESGPSLVKPSQTLSLTCSVTGDSITSDYWSWIRKFPGNRLEYMGYVSYSGSTYYNPSLKSRISITRDTSKNQYYLDLNSVTTEDTATYYCANWDGDYWGQGTLVTVSA,DIVLTQSPATLSVTPGNSVSLSCRASQSIGNNLHWYQQKSHESPRLLIKYASQSISGIPSRFSGSGSGTDFTLSINSVETEDFGMYFCQQSNAWPYTFGGGTKLEIK,0,28,DVQLQESGPSLVKPSQTLSLTCSVTGDSITSDYWSWIRKFPGNRLEYMGYVSYSGSTYYNPSLKSRISITRDTSKNQYYLDLNSVTTEDTATYYCANWDGDYWGQGTLVTVSADIVLTQSPATLSVTPGNSVSLSCRASQSIGNNLHWYQQKSHESPRLLIKYASQSISGIPSRFSGSGSGTDFTLSINSVETEDFGMYFCQQSNAWPYTFGGGTKLEIK
271,1ndg,EVQLQESGPSLVKPSQTLSLTCSVTGDSIIRDYWSWIRKFPGNKLEYMGYISFSGNTFYHPSLKSRISITRDTSKNQHYLQLSSVTTEDTATYYCANWDGTYWGEGTLVTVSA,DIVLTQSPATLSVTPGDSVSLSCRASQSISNNLHWYQQKSHESPRLLIKYASQSISGIPSRFSGSGSGTDFTLSINSVETEDFGMYFCQQSNSWPYTFGGGTKLEIK,0,28,EVQLQESGPSLVKPSQTLSLTCSVTGDSIIRDYWSWIRKFPGNKLEYMGYISFSGNTFYHPSLKSRISITRDTSKNQHYLQLSSVTTEDTATYYCANWDGTYWGEGTLVTVSADIVLTQSPATLSVTPGDSVSLSCRASQSISNNLHWYQQKSHESPRLLIKYASQSISGIPSRFSGSGSGTDFTLSINSVETEDFGMYFCQQSNSWPYTFGGGTKLEIK
272,1ndm,EVQLQESGPSLVKPSQTLSLTCSVTGDSITSDYWSWIRKFPGNKLEYMGYISYSGSTYYHPSLKSRISITRDTSKNQYYLQLNSVTTEDTATYYCARWEMDYWGQGTSVTVSS,DIVLTQSPATLSVTPGDSVSLSCRASQSISNNLHWYQQKSHESPRLLIKYASQSISGIPSRFSGSGSGTDFTLSINSVETEDFGMYFCQQSNSWPYTFGGGTKLEIK,1,28,EVQLQESGPSLVKPSQTLSLTCSVTGDSITSDYWSWIRKFPGNKLEYMGYISYSGSTYYHPSLKSRISITRDTSKNQYYLQLNSVTTEDTATYYCARWEMDYWGQGTSVTVSSDIVLTQSPATLSVTPGDSVSLSCRASQSISNNLHWYQQKSHESPRLLIKYASQSISGIPSRFSGSGSGTDFTLSINSVETEDFGMYFCQQSNSWPYTFGGGTKLEIK
389,1ua6,DVQLQESGPSLVKPSQTLSLTCSVTGDSITSDYWSWIRKFPGNRLEYMGYVSSFGSTFYNPSLKSRISITRDTSKNQYYLDLNSVTTEDTATYYCANWDGDYWGQGTLVTVSA,DIVLTQSPATLSVTPGNSVSLSCRASQSIGNNLHWYQQKSHESPRLLIKYASQSISGIPSRFSGSGSGTDFTLSINSVETEDFGMYFCQQSNSWPYTFGGGTKLEIK,0,28,DVQLQESGPSLVKPSQTLSLTCSVTGDSITSDYWSWIRKFPGNRLEYMGYVSSFGSTFYNPSLKSRISITRDTSKNQYYLDLNSVTTEDTATYYCANWDGDYWGQGTLVTVSADIVLTQSPATLSVTPGNSVSLSCRASQSIGNNLHWYQQKSHESPRLLIKYASQSISGIPSRFSGSGSGTDFTLSINSVETEDFGMYFCQQSNSWPYTFGGGTKLEIK
419,1xgp,EVQLQESGPSLVKPSQTLSLTCSVTGDSVTSDAWSWIRKFPGNKLEYMGYISYSGSTYYHPSLKSRISITRDTSKNQYYLQLNSVTTEDTATYYCASWGGDVWGAGTTVTVSS,DIVLTQSPATLSVTPGDSVSLSCRASQSISNNLHWYQQKSHESPRLLIKYASQSISGIPSRFSGSGSGTDFTLSINSVETEDFGMYFCQQSNSWPYTFGGGTKLEIK,1,28,EVQLQESGPSLVKPSQTLSLTCSVTGDSVTSDAWSWIRKFPGNKLEYMGYISYSGSTYYHPSLKSRISITRDTSKNQYYLQLNSVTTEDTATYYCASWGGDVWGAGTTVTVSSDIVLTQSPATLSVTPGDSVSLSCRASQSISNNLHWYQQKSHESPRLLIKYASQSISGIPSRFSGSGSGTDFTLSINSVETEDFGMYFCQQSNSWPYTFGGGTKLEIK
420,1xgq,EVQLQESGPSLVKPSQTLSLTCSVTGDSVTSDVWSWIRKFPGNKLEYMGYISYSGSTYYHPSLKSRISITRDTSKNQYYLQLNSVTTEDTATYYCASWGGDVWGAGTTVTVSS,DIVLTQSPATLSVTPGDSVSLSCRASQSISNNLHWYQQKSHESPRLLIKYASQSISGIPSRFSGSGSGTDFTLSINSVETEDFGMYFCQQSNSWPYTFGGGTKLEIK,1,28,EVQLQESGPSLVKPSQTLSLTCSVTGDSVTSDVWSWIRKFPGNKLEYMGYISYSGSTYYHPSLKSRISITRDTSKNQYYLQLNSVTTEDTATYYCASWGGDVWGAGTTVTVSSDIVLTQSPATLSVTPGDSVSLSCRASQSISNNLHWYQQKSHESPRLLIKYASQSISGIPSRFSGSGSGTDFTLSINSVETEDFGMYFCQQSNSWPYTFGGGTKLEIK
421,1xgr,AVQLQESGPSLVKPSQTLSLTCSVTGDSVTSDIWSWIRKFPGNKLEYMGYISYSGSTYYHPSLKSRISITRDTSKNQYYLQLNSVTTEDTATYYCASWGGDVWGAGTTVTVSS,DIVLTQSPATLSVTPGDSVSLSCRASQSISNNLHWYQQKSHESPRLLIKYASQSISGIPSRFSGSGSGTDFTLSINSVETEDFGMYFCQQSNSWPYTFGGGTKLEIK,1,28,AVQLQESGPSLVKPSQTLSLTCSVTGDSVTSDIWSWIRKFPGNKLEYMGYISYSGSTYYHPSLKSRISITRDTSKNQYYLQLNSVTTEDTATYYCASWGGDVWGAGTTVTVSSDIVLTQSPATLSVTPGDSVSLSCRASQSISNNLHWYQQKSHESPRLLIKYASQSISGIPSRFSGSGSGTDFTLSINSVETEDFGMYFCQQSNSWPYTFGGGTKLEIK
422,1xgt,EVQLQESGPSLVKPSQTLSLTCSVTGDSVTSDLWSWIRKFPGNKLEYMGYISYSGSTYYHPSLKSRISITRDTSKNQYYLQLNSVTTEDTATYYCASWGGDVWGAGTTVTVSS,DIVLTQSPATLSVTPGDSVSLSCRASQSISNNLHWYQQKSHESPRLLIKYASQSISGIPSRFSGSGSGTDFTLSINSVETEDFGMYFCQQSNSWPYTFGGGTKLEIK,1,28,EVQLQESGPSLVKPSQTLSLTCSVTGDSVTSDLWSWIRKFPGNKLEYMGYISYSGSTYYHPSLKSRISITRDTSKNQYYLQLNSVTTEDTATYYCASWGGDVWGAGTTVTVSSDIVLTQSPATLSVTPGDSVSLSCRASQSISNNLHWYQQKSHESPRLLIKYASQSISGIPSRFSGSGSGTDFTLSINSVETEDFGMYFCQQSNSWPYTFGGGTKLEIK
423,1xgu,EVQLQESGPSLVKPSQTLSLTCSVTGDSVTSDFWSWIRKFPGNKLEYMGYISYSGSTYYHPSLKSRISITRDTSKNQYYLQLNSVTTEDTATYYCASWGGDVWGAGTTVTVSS,DIVLTQSPATLSVTPGDSVSLSCRASQSISNNLHWYQQKSHESPRLLIKYASQSISGIPSRFSGSGSGTDFTLSINSVETEDFGMYFCQQSNSWPYTFGGGTKLEIK,1,28,EVQLQESGPSLVKPSQTLSLTCSVTGDSVTSDFWSWIRKFPGNKLEYMGYISYSGSTYYHPSLKSRISITRDTSKNQYYLQLNSVTTEDTATYYCASWGGDVWGAGTTVTVSSDIVLTQSPATLSVTPGDSVSLSCRASQSISNNLHWYQQKSHESPRLLIKYASQSISGIPSRFSGSGSGTDFTLSINSVETEDFGMYFCQQSNSWPYTFGGGTKLEIK
501,2dqc,DVQLQESGPSLVKPSQTLSLTCSVTGDSITSDFWSWIRKFPGNRLEYMGYVSYSGSTYYNPSLKSRISITRDTSKNQYYLDLNSVTTEDTATYYCANWDGDYWGQGTLVTVSA,DIVLTQSPATLSVTPGNSVSLSCRASQSIGNNLHWYQQKSHESPRLLIKYASQSISGIPSRFSGSGSGTDFTLSINSVETEDFGMYFCQQSNSWPYTFGGGTKLEIK,0,28,DVQLQESGPSLVKPSQTLSLTCSVTGDSITSDFWSWIRKFPGNRLEYMGYVSYSGSTYYNPSLKSRISITRDTSKNQYYLDLNSVTTEDTATYYCANWDGDYWGQGTLVTVSADIVLTQSPATLSVTPGNSVSLSCRASQSIGNNLHWYQQKSHESPRLLIKYASQSISGIPSRFSGSGSGTDFTLSINSVETEDFGMYFCQQSNSWPYTFGGGTKLEIK
502,2dqd,DVQLQESGPSLVKPSQTLSLTCSVTGDSITSDYWSWIRKFPGNRLEYMGFVSYSGSTYYNPSLKSRISITRDTSKNQYYLDLNSVTTEDTATYYCANWDGDYWGQGTLVTVSA,DIVLTQSPATLSVTPGNSVSLSCRASQSIGNNLHWYQQKSHESPRLLIKYASQSISGIPSRFSGSGSGTDFTLSINSVETEDFGMYFCQQSNSWPYTFGGGTKLEIK,0,28,DVQLQESGPSLVKPSQTLSLTCSVTGDSITSDYWSWIRKFPGNRLEYMGFVSYSGSTYYNPSLKSRISITRDTSKNQYYLDLNSVTTEDTATYYCANWDGDYWGQGTLVTVSADIVLTQSPATLSVTPGNSVSLSCRASQSIGNNLHWYQQKSHESPRLLIKYASQSISGIPSRFSGSGSGTDFTLSINSVETEDFGMYFCQQSNSWPYTFGGGTKLEIK
503,2dqe,DVQLQESGPSLVKPSQTLSLTCSVTGDSITSDYWSWIRKFPGNRLEYMGYVSASGSTYYNPSLKSRISITRDTSKNQYYLDLNSVTTEDTATYYCANWDGDYWGQGTLVTVSA,DIVLTQSPATLSVTPGNSVSLSCRASQSIGNNLHWYQQKSHESPRLLIKYASQSISGIPSRFSGSGSGTDFTLSINSVETEDFGMYFCQQSNSWPYTFGGGTKLEIK,0,28,DVQLQESGPSLVKPSQTLSLTCSVTGDSITSDYWSWIRKFPGNRLEYMGYVSASGSTYYNPSLKSRISITRDTSKNQYYLDLNSVTTEDTATYYCANWDGDYWGQGTLVTVSADIVLTQSPATLSVTPGNSVSLSCRASQSIGNNLHWYQQKSHESPRLLIKYASQSISGIPSRFSGSGSGTDFTLSINSVETEDFGMYFCQQSNSWPYTFGGGTKLEIK
504,2dqf,DVQLQESGPSLVKPSQTLSLTCSVTGDSITSDAWSWIRKFPGNRLEYMGYVSASGSTYYNPSLKSRISITRDTSKNQYYLDLNSVTTEDTATYYCANWDGDYWGQGTLVTVSA,DIVLTQSPATLSVTPGNSVSLSCRASQSIGNNLHWYQQKSHESPRLLIKYASQSISGIPSRFSGSGSGTDFTLSINSVETEDFGMYFCQQSNSWPYTFGGGTKLEIK,0,28,DVQLQESGPSLVKPSQTLSLTCSVTGDSITSDAWSWIRKFPGNRLEYMGYVSASGSTYYNPSLKSRISITRDTSKNQYYLDLNSVTTEDTATYYCANWDGDYWGQGTLVTVSADIVLTQSPATLSVTPGNSVSLSCRASQSIGNNLHWYQQKSHESPRLLIKYASQSISGIPSRFSGSGSGTDFTLSINSVETEDFGMYFCQQSNSWPYTFGGGTKLEIK
505,2dqg,DVQLQESGPSLVKPSQTLSLTCSVTGDSITSDYWSWIRKFPGNRLEYMGYVSFSGSTYYNPSLKSRISITRDTSKNQYYLDLNSVTTEDTATYYCANWDGDYWGQGTLVTVSA,DIVLTQSPATLSVTPGNSVSLSCRASQSIGNNLHWYQQKSHESPRLLIKYASQSISGIPSRFSGSGSGTDFTLSINSVETEDFGMYFCQQSNSWPYTFGGGTKLEIK,0,28,DVQLQESGPSLVKPSQTLSLTCSVTGDSITSDYWSWIRKFPGNRLEYMGYVSFSGSTYYNPSLKSRISITRDTSKNQYYLDLNSVTTEDTATYYCANWDGDYWGQGTLVTVSADIVLTQSPATLSVTPGNSVSLSCRASQSIGNNLHWYQQKSHESPRLLIKYASQSISGIPSRFSGSGSGTDFTLSINSVETEDFGMYFCQQSNSWPYTFGGGTKLEIK
506,2dqh,DVQLQESGPSLVKPSQTLSLTCSVTGDSITSDYWSWIRKFPGNRLEYMGYVSYSGSTAYNPSLKSRISITRDTSKNQYYLDLNSVTTEDTATYYCANWDGDYWGQGTLVTVSA,DIVLTQSPATLSVTPGNSVSLSCRASQSIGNNLHWYQQKSHESPRLLIKYASQSISGIPSRFSGSGSGTDFTLSINSVETEDFGMYFCQQSNSWPYTFGGGTKLEIK,0,28,DVQLQESGPSLVKPSQTLSLTCSVTGDSITSDYWSWIRKFPGNRLEYMGYVSYSGSTAYNPSLKSRISITRDTSKNQYYLDLNSVTTEDTATYYCANWDGDYWGQGTLVTVSADIVLTQSPATLSVTPGNSVSLSCRASQSIGNNLHWYQQKSHESPRLLIKYASQSISGIPSRFSGSGSGTDFTLSINSVETEDFGMYFCQQSNSWPYTFGGGTKLEIK
507,2dqi,DVQLQESGPSLVKPSQTLSLTCSVTGDSITSDYWSWIRKFPGNRLEYMGYVSYSGSTYYNPSLKSRISITRDTSKNQYYLDLNSVTTEDTATYYCANWDGDYWGQGTLVTVSA,DIVLTQSPATLSVTPGNSVSLSCRASQSIGNNLHWYQQKSHESPRLLIKAASQSISGIPSRFSGSGSGTDFTLSINSVETEDFGMYFCQQSNSWPYTFGGGTKLEIK,0,28,DVQLQESGPSLVKPSQTLSLTCSVTGDSITSDYWSWIRKFPGNRLEYMGYVSYSGSTYYNPSLKSRISITRDTSKNQYYLDLNSVTTEDTATYYCANWDGDYWGQGTLVTVSADIVLTQSPATLSVTPGNSVSLSCRASQSIGNNLHWYQQKSHESPRLLIKAASQSISGIPSRFSGSGSGTDFTLSINSVETEDFGMYFCQQSNSWPYTFGGGTKLEIK
692,3a67,DVQLQESGPSLVKPSQTLSLTCSVTGDSITSDYWSWIRKFPGNRLEYMGYVSYSGSTYYNPSLKSRISITRDTSKNQYYLDLNSVTTEDTATYYCANWDGDYWGQGTLVTVSA,DIVLTQSPATLSVTPGNSVSLSCRASQSIGDNLHWYQQKSHESPRLLIKYASQSISGIPSRFSGSGSGTDFTLSINSVETEDFGMYFCQQSNSWPYTFGGGTKLEIK,0,28,DVQLQESGPSLVKPSQTLSLTCSVTGDSITSDYWSWIRKFPGNRLEYMGYVSYSGSTYYNPSLKSRISITRDTSKNQYYLDLNSVTTEDTATYYCANWDGDYWGQGTLVTVSADIVLTQSPATLSVTPGNSVSLSCRASQSIGDNLHWYQQKSHESPRLLIKYASQSISGIPSRFSGSGSGTDFTLSINSVETEDFGMYFCQQSNSWPYTFGGGTKLEIK
693,3a6b,DVQLQESGPSLVKPSQTLSLTCSVTGDSITSDYWSWIRKFPGNRLEYMGYVSYSGSTYYNPSLKSRISITRDTSKNQYYLDLNSVTTEDTATYYCANWDGDYWGQGTLVTVSA,DIVLTQSPATLSVTPGNSVSLSCRASQSIGNDLHWYQQKSHESPRLLIKYASQSISGIPSRFSGSGSGTDFTLSINSVETEDFGMYFCQQSNSWPYTFGGGTKLEIK,0,28,DVQLQESGPSLVKPSQTLSLTCSVTGDSITSDYWSWIRKFPGNRLEYMGYVSYSGSTYYNPSLKSRISITRDTSKNQYYLDLNSVTTEDTATYYCANWDGDYWGQGTLVTVSADIVLTQSPATLSVTPGNSVSLSCRASQSIGNDLHWYQQKSHESPRLLIKYASQSISGIPSRFSGSGSGTDFTLSINSVETEDFGMYFCQQSNSWPYTFGGGTKLEIK
694,3a6c,DVQLQESGPSLVKPSQTLSLTCSVTGDSITSDYWSWIRKFPGNRLEYMGYVSYSGSTYYNPSLKSRISITRDTSKNQYYLDLNSVTTEDTATYYCANWDGDYWGQGTLVTVSA,DIVLTQSPATLSVTPGNSVSLSCRASQSIGNNLHWYQQKSHESPRLLIKYASQSISGIPSRFSGSGSGTDFTLSINSVETEDFGMYFCQQSDSWPYTFGGGTKLEIK,0,28,DVQLQESGPSLVKPSQTLSLTCSVTGDSITSDYWSWIRKFPGNRLEYMGYVSYSGSTYYNPSLKSRISITRDTSKNQYYLDLNSVTTEDTATYYCANWDGDYWGQGTLVTVSADIVLTQSPATLSVTPGNSVSLSCRASQSIGNNLHWYQQKSHESPRLLIKYASQSISGIPSRFSGSGSGTDFTLSINSVETEDFGMYFCQQSDSWPYTFGGGTKLEIK
1956,5vjo,DVQLQESGPSLVKPSQTLSLTCSVTGDSFTSDYWSWIRKFPGNRLEYMGYVSYSGSTYYNPSLKSRISITRDTSKNQYYLDLNSVTTEDTATYYCANWDGDYWGQGTLVTVSA,DIVLTQSPATLSVTPGNSVSLSCRASQSIGNNLHWYQQKSHESPRLLIKYASQSISGIPSRFSGSGSGTDFTLSINSVETEDFGMYFCQQSNSWPYTFGGGTKLEIK,1,28,DVQLQESGPSLVKPSQTLSLTCSVTGDSFTSDYWSWIRKFPGNRLEYMGYVSYSGSTYYNPSLKSRISITRDTSKNQYYLDLNSVTTEDTATYYCANWDGDYWGQGTLVTVSADIVLTQSPATLSVTPGNSVSLSCRASQSIGNNLHWYQQKSHESPRLLIKYASQSISGIPSRFSGSGSGTDFTLSINSVETEDFGMYFCQQSNSWPYTFGGGTKLEIK
1957,5vjq,DVQLQESGPSLVKPSQTLSLTCSVTGDSFTSDYWSWIRKFPGNRLEYMGYVTFSGSTYYNPSLKSRISITRDTSKNQYYLDLNSVTTEDTATYYCANWDGDYWGQGTLVTVSA,DIVLTQSPATLSVTPGNSVSLSCRASQSIGNNLHWYQQKSHESPRLLIKYASQSISGIPSRFSGSGSGTDFTLSINSVETEDFGMYFCQQSNSWPYTFGGGTKLEIK,1,28,DVQLQESGPSLVKPSQTLSLTCSVTGDSFTSDYWSWIRKFPGNRLEYMGYVTFSGSTYYNPSLKSRISITRDTSKNQYYLDLNSVTTEDTATYYCANWDGDYWGQGTLVTVSADIVLTQSPATLSVTPGNSVSLSCRASQSIGNNLHWYQQKSHESPRLLIKYASQSISGIPSRFSGSGSGTDFTLSINSVETEDFGMYFCQQSNSWPYTFGGGTKLEIK
538,2ghw,EVQLVQSGGGVVQPGKSLRLSCAASGFAFSSYAMHWVRQAPGKGLEWVAVISYDGSNKYYADSVKGRFTISRDNSKNTLYLQMNSLRAEDTAVYYCARDRSYYLDYWGQGTLVTVSS,ETTLTQSPATLSLSPGERATLSCRASQSVRSNLAWYQQKPGQAPRPLIYDASTRATGIPDRFSGSGSGTDFTLTISRLEPEDFAVYYCQQRSNWPPTFGQGTKVEVK,0,8,EVQLVQSGGGVVQPGKSLRLSCAASGFAFSSYAMHWVRQAPGKGLEWVAVISYDGSNKYYADSVKGRFTISRDNSKNTLYLQMNSLRAEDTAVYYCARDRSYYLDYWGQGTLVTVSSETTLTQSPATLSLSPGERATLSCRASQSVRSNLAWYQQKPGQAPRPLIYDASTRATGIPDRFSGSGSGTDFTLTISRLEPEDFAVYYCQQRSNWPPTFGQGTKVEVK
640,2v7n,QVQLVESGGGLVQPGGSLRLSCAASGFTFRNSAMHWVRQAPGKGLEWVSSIWYSGSNTYYADSVKGRFTISRDNSKNTLYLQMNSLRAEDTAVYYCARFAGGWGAYDVWGQGTLVTVSS,DIVLTQSPATLSLSPGERATLSCRASQSVSSNYLAWYQQKPGQAPRLLIYDSSSRATGVPARFSGSGSGTDFTLTISSLEPEDFAVYYCHQYSDISPTFGQGTKVEIK,0,8,QVQLVESGGGLVQPGGSLRLSCAASGFTFRNSAMHWVRQAPGKGLEWVSSIWYSGSNTYYADSVKGRFTISRDNSKNTLYLQMNSLRAEDTAVYYCARFAGGWGAYDVWGQGTLVTVSSDIVLTQSPATLSLSPGERATLSCRASQSVSSNYLAWYQQKPGQAPRLLIYDSSSRATGVPARFSGSGSGTDFTLTISSLEPEDFAVYYCHQYSDISPTFGQGTKVEIK
757,3eyq,QVQLVESGGGVVQPGRSLRLSCAASGFTFSSYGMHWVRQAPGKGLEWVAVISYDGSNKYYADSVKGRFTISRDNSKNTLYLQMNSLRAEDTAVYYCAKDGKCGGGSCYSGLLDYWGQGTLVTVSS,EIVLTQSPATLSLSPGERATLSCRASQSVSSYLAWYQQKPGQAPRLLIYDASNRATGIPARFSGSGSGTDFTLTISSLEPEDFAVYYCQQRSNWPPITFGQGTRLEIK,1,8,QVQLVESGGGVVQPGRSLRLSCAASGFTFSSYGMHWVRQAPGKGLEWVAVISYDGSNKYYADSVKGRFTISRDNSKNTLYLQMNSLRAEDTAVYYCAKDGKCGGGSCYSGLLDYWGQGTLVTVSSEIVLTQSPATLSLSPGERATLSCRASQSVSSYLAWYQQKPGQAPRLLIYDASNRATGIPARFSGSGSGTDFTLTISSLEPEDFAVYYCQQRSNWPPITFGQGTRLEIK
786,3giz,EVQLVESGGGLVQPGRSLRLSCAASGFTFNDYAMHWVRQAPGKGLEWVSTISWNSGSIGYADSVKGRFTISRDNAKKSLYLQMNSLRAEDTALYYCAKDIQYGNYYYGMDVWGQGTTVTVSS,EIVLTQSPATLSLSPGERATLSCRASQSVSSYLAWYQQKPGQAPRLLIYDASNRATGIPARFSGSGSGTDFTLTISSLEPEDFAVYYCQQRSNWPITFGQGTRLEIK,0,8,EVQLVESGGGLVQPGRSLRLSCAASGFTFNDYAMHWVRQAPGKGLEWVSTISWNSGSIGYADSVKGRFTISRDNAKKSLYLQMNSLRAEDTALYYCAKDIQYGNYYYGMDVWGQGTTVTVSSEIVLTQSPATLSLSPGERATLSCRASQSVSSYLAWYQQKPGQAPRLLIYDASNRATGIPARFSGSGSGTDFTLTISSLEPEDFAVYYCQQRSNWPITFGQGTRLEIK
848,3kym,EVQLLESGGGLVQPGGSLRLSCAASGFTFSIYPMFWVRQAPGKGLEWVSWIGPSGGITKYADSVKGRFTISRDNSKNTLYLQMNSLRAEDTATYYCAREGHNDWYFDLWGRGTLVTVSS,DIQMTQSPGTLSLSPGERATLSCRASQSVSSYLAWYQQKPGQAPRLLIYDASNRATGIPARFSGSGSGTEFTLTISSLQSEDFAVYYCQQYDKWPLTFGGGTKVEIK,0,8,EVQLLESGGGLVQPGGSLRLSCAASGFTFSIYPMFWVRQAPGKGLEWVSWIGPSGGITKYADSVKGRFTISRDNSKNTLYLQMNSLRAEDTATYYCAREGHNDWYFDLWGRGTLVTVSSDIQMTQSPGTLSLSPGERATLSCRASQSVSSYLAWYQQKPGQAPRLLIYDASNRATGIPARFSGSGSGTEFTLTISSLQSEDFAVYYCQQYDKWPLTFGGGTKVEIK
991,3so3,EVQLVQSGGGLVKPGGSLRLSCAASGFTFSSYAMSWVRQAPGKGLEWVSAISGSGGSTYYADSVKGRFTISRDNSKNTLYLQMSSLRAEDTAVYYCVKDLGIAARRFVSGAFDIWGQGTMVTVSS,EIVLTQSPGTLSLSPGERATLSCRASQSVSSSYLAWYQQKPGQAPRLLIYGASTRATGIPARFSGSGSGTDFTLTINSLEPEDFAVYYCQQRSNWPPGYTFGQGTKVEIT,0,8,EVQLVQSGGGLVKPGGSLRLSCAASGFTFSSYAMSWVRQAPGKGLEWVSAISGSGGSTYYADSVKGRFTISRDNSKNTLYLQMSSLRAEDTAVYYCVKDLGIAARRFVSGAFDIWGQGTMVTVSSEIVLTQSPGTLSLSPGERATLSCRASQSVSSSYLAWYQQKPGQAPRLLIYGASTRATGIPARFSGSGSGTDFTLTINSLEPEDFAVYYCQQRSNWPPGYTFGQGTKVEIT
1586,5csz,QVELVESGGGLVQPGGSLRLSCAASGFTFSSYAMSWVRQAPGKGLEWVSAINASGTRTYYADSVKGRFTISRDNSKNTLYLQMNSLRAEDTAVYYCARGKGNTHKPYGYVRYFDVWGQGTLVTVSS,DIVLTQSPATLSLSPGERATLSCRASQSVSSSYLAWYQQKPGQAPRLLIYGASSRATGVPARFSGSGSGTDFTLTISSLEPEDFATYYCLQIYNMPITFGQGTKVEIK,1,8,QVELVESGGGLVQPGGSLRLSCAASGFTFSSYAMSWVRQAPGKGLEWVSAINASGTRTYYADSVKGRFTISRDNSKNTLYLQMNSLRAEDTAVYYCARGKGNTHKPYGYVRYFDVWGQGTLVTVSSDIVLTQSPATLSLSPGERATLSCRASQSVSSSYLAWYQQKPGQAPRLLIYGASSRATGVPARFSGSGSGTDFTLTISSLEPEDFATYYCLQIYNMPITFGQGTKVEIK
1611,5dr5,QVQLVESGGGLVQPGGSLRLSCAASGFTFTNYYMHWVRQAPGKGLEWVSTIAYDGSSTYYADSVKGRFTISRDNSKNTLYLQMNSLRAEDTAVYYCARWFTDDIWGQGTLVTVSS,DIVLTQSPATLSLSPGERATLSCRASQSISSNELAWYQQKPGQAPRLLIYDTSNRATGVPARFSGSGSGTDFTLTISSLEPEDFAVYYCQQYYSYPITFGQGTKVEIK,0,8,QVQLVESGGGLVQPGGSLRLSCAASGFTFTNYYMHWVRQAPGKGLEWVSTIAYDGSSTYYADSVKGRFTISRDNSKNTLYLQMNSLRAEDTAVYYCARWFTDDIWGQGTLVTVSSDIVLTQSPATLSLSPGERATLSCRASQSISSNELAWYQQKPGQAPRLLIYDTSNRATGVPARFSGSGSGTDFTLTISSLEPEDFAVYYCQQYYSYPITFGQGTKVEIK
1675,5ggq,QVQLVESGGGVVQPGRSLRLDCKASGITFSNSGMHWVRQAPGKGLEWVAVIWYDGSKRYYADSVKGRFTISRDNSKNTLFLQMNSLRAEDTAVYYCATNDDYWGQGTLVTVSS,EIVLTQSPATLSLSPGERATLSCRASQSVSSYLAWYQQKPGQAPRLLIYDASNRATGIPARFSGSGSGTDFTLTISSLEPEDFAVYYCQQSSNWPRTFGQGTKVEIK,1,8,QVQLVESGGGVVQPGRSLRLDCKASGITFSNSGMHWVRQAPGKGLEWVAVIWYDGSKRYYADSVKGRFTISRDNSKNTLFLQMNSLRAEDTAVYYCATNDDYWGQGTLVTVSSEIVLTQSPATLSLSPGERATLSCRASQSVSSYLAWYQQKPGQAPRLLIYDASNRATGIPARFSGSGSGTDFTLTISSLEPEDFAVYYCQQSSNWPRTFGQGTKVEIK
1688,5grv,EVQLVESGGGLVQPGGSLRLSCAASGFTFRNSAMHWVRQAPGKGLEWVSSIWYSGSNTYYADSVKGRFTISRDNSKNTLYLQMNSLIAEDTAVYYCARFAGGWGAYDVWGQGTLVTVSS,DIVLTQSPATLSLSPGERATLSCRASQSVSSNYLAWYQQKPGQAPRLLIYDSSSRATGVPARFSGSGSGTDFTLTISSLEPEDFAVYYCHQYSDISPTFGQGTKVEIK,0,8,EVQLVESGGGLVQPGGSLRLSCAASGFTFRNSAMHWVRQAPGKGLEWVSSIWYSGSNTYYADSVKGRFTISRDNSKNTLYLQMNSLIAEDTAVYYCARFAGGWGAYDVWGQGTLVTVSSDIVLTQSPATLSLSPGERATLSCRASQSVSSNYLAWYQQKPGQAPRLLIYDSSSRATGVPARFSGSGSGTDFTLTISSLEPEDFAVYYCHQYSDISPTFGQGTKVEIK
1689,5grw,EVQLVESGGGLVQPGGSLRLSCAASGFTFRNSAMHWVRQAPGKGLEWVSSIWYSGSNTYYADSVKGRFTISRDNSKNTLYLQMNSLFAEDTAVYYCARFAGGWGAYDVWGQGTLVTVSS,DIVLTQSPATLSLSPGERATLSCRASQSVSSNYLAWYQQKPGQAPRLLIYDSSSRATGVPARFSGSGSGTDFTLTISSLEPEDFAVYYCHQYSDISPTFGQGTKVEIK,0,8,EVQLVESGGGLVQPGGSLRLSCAASGFTFRNSAMHWVRQAPGKGLEWVSSIWYSGSNTYYADSVKGRFTISRDNSKNTLYLQMNSLFAEDTAVYYCARFAGGWGAYDVWGQGTLVTVSSDIVLTQSPATLSLSPGERATLSCRASQSVSSNYLAWYQQKPGQAPRLLIYDSSSRATGVPARFSGSGSGTDFTLTISSLEPEDFAVYYCHQYSDISPTFGQGTKVEIK
1690,5grx,EVQLVESGGGLVQPGGSLRLSCAASGFTFRNSAMHWVRQAPGKGLEWVSSIWYSGSNTYYADSVKGRFTISRDNSKNTLYLQMNSLTACDTAVYYCARFAGGWGAYDVWGQGTLVTVSS,DIVLTQSPATLSLSPGERATLSCRASQSVSSNYLAWYQQKPGQAPRLLIYDSSSRATGVPARFSGSGSGTDFTLTISSLEPEDFAVYYCHQYSDISPTFGQGTKVEIK,0,8,EVQLVESGGGLVQPGGSLRLSCAASGFTFRNSAMHWVRQAPGKGLEWVSSIWYSGSNTYYADSVKGRFTISRDNSKNTLYLQMNSLTACDTAVYYCARFAGGWGAYDVWGQGTLVTVSSDIVLTQSPATLSLSPGERATLSCRASQSVSSNYLAWYQQKPGQAPRLLIYDSSSRATGVPARFSGSGSGTDFTLTISSLEPEDFAVYYCHQYSDISPTFGQGTKVEIK
1691,5gry,EVQLVESGGGLVQPGGSLRLSCAASGFTFRNSAMHWVRQAPGKGLEWVSSIWYSGSNTYYACSVKGRFTISRDNSKNTLYLQMNSLTAEDTAVYYCARFAGGWGAYDVWGQGTLVTVS,DIVLTQSPATLSLSPGERATLSCRASQSVSSNYLAWYQQKPGQAPRLLIYDSSSRATGVPARFSGSGSGTDFTLTISSLEPEDFAVYYCHQYSDISPTFGQGTKVEIK,0,8,EVQLVESGGGLVQPGGSLRLSCAASGFTFRNSAMHWVRQAPGKGLEWVSSIWYSGSNTYYACSVKGRFTISRDNSKNTLYLQMNSLTAEDTAVYYCARFAGGWGAYDVWGQGTLVTVSDIVLTQSPATLSLSPGERATLSCRASQSVSSNYLAWYQQKPGQAPRLLIYDSSSRATGVPARFSGSGSGTDFTLTISSLEPEDFAVYYCHQYSDISPTFGQGTKVEIK
1692,5grz,EVQLVESGGGLVQCGGSLRLSCAASGFTFRNSAMHWVRQAPGKGLEWVSSIWYSGSNTYYADSVCGRFTISRDNSKNTLYLQMNSLTAEDTAVYYCARFAGGWGAYDVWGQGTLVTVSS,DIVLTQSPATLSLSPGERATLSCRASQSVSSNYLAWYQQKPGQAPRLLIYDSSSRATGVPARFSGSGSGTDFTLTISSLEPEDFAVYYCHQYSDISPTFGQGTKVEIK,0,8,EVQLVESGGGLVQCGGSLRLSCAASGFTFRNSAMHWVRQAPGKGLEWVSSIWYSGSNTYYADSVCGRFTISRDNSKNTLYLQMNSLTAEDTAVYYCARFAGGWGAYDVWGQGTLVTVSSDIVLTQSPATLSLSPGERATLSCRASQSVSSNYLAWYQQKPGQAPRLLIYDSSSRATGVPARFSGSGSGTDFTLTISSLEPEDFAVYYCHQYSDISPTFGQGTKVEIK
1693,5gs1,EVQLVESGGGLVQPGGSLRLSCAASGFTFRNSAMHWVRQAPGKGLEWVSSIWYSGSNTYYADSVKGRFTISRDNSKNTLYLQMNSLTAEDTAVYYCARFAGGWGAYDVWGQGTLVTVSS,DIVLTQSPATLSLSPGERATLSCRASQSVSSNYLAWYQQKPGQAPRLLIYDSSSRATGVPARFSGSGSGTDFTLTISSLEPEDFAVYYCHQYSDISPTFGQGTKVEIK,0,8,EVQLVESGGGLVQPGGSLRLSCAASGFTFRNSAMHWVRQAPGKGLEWVSSIWYSGSNTYYADSVKGRFTISRDNSKNTLYLQMNSLTAEDTAVYYCARFAGGWGAYDVWGQGTLVTVSSDIVLTQSPATLSLSPGERATLSCRASQSVSSNYLAWYQQKPGQAPRLLIYDSSSRATGVPARFSGSGSGTDFTLTISSLEPEDFAVYYCHQYSDISPTFGQGTKVEIK
1713,5i1a,EVQLLESGGGLVQPGGSLRLSCAASGFTFSSYAMSWVRQAPGKGLEWVSAISGSGGSTYYADSVKGRFTISRDNSKNTLYLQMNSLRAEDTAVYYCAKYDGIYGELDFWGQGTLVTVSS,EIVLTQSPATLSLSPGERATLSCRASQSVSSYLAWYQQKPGQAPRLLIYDASNRATGIPARFSGSGSGTDFTLTISSLEPEDFAVYYCQQRSNWPLTFGQGTKVEIK,0,8,EVQLLESGGGLVQPGGSLRLSCAASGFTFSSYAMSWVRQAPGKGLEWVSAISGSGGSTYYADSVKGRFTISRDNSKNTLYLQMNSLRAEDTAVYYCAKYDGIYGELDFWGQGTLVTVSSEIVLTQSPATLSLSPGERATLSCRASQSVSSYLAWYQQKPGQAPRLLIYDASNRATGIPARFSGSGSGTDFTLTISSLEPEDFAVYYCQQRSNWPLTFGQGTKVEIK
1714,5i1c,EVQLLESGGGLVQPGGSLRLSCAASGFTFSSYAMSWVRQAPGKGLEWVSAISGSGGSTYYADSVKGRFTISRDNSKNTLYLQMNSLRAEDTAVYYCAKYDGIYGELDFWGQGTLVTVSS,EIVLTQSPGTLSLSPGERATLSCRASQSVSSSYLAWYQQKPGQAPRLLIYGASSRATGIPDRFSGSGSGTDFTLTISRLEPEDFAVYYCQQYGSSPLTFGQGTKVEIK,0,8,EVQLLESGGGLVQPGGSLRLSCAASGFTFSSYAMSWVRQAPGKGLEWVSAISGSGGSTYYADSVKGRFTISRDNSKNTLYLQMNSLRAEDTAVYYCAKYDGIYGELDFWGQGTLVTVSSEIVLTQSPGTLSLSPGERATLSCRASQSVSSSYLAWYQQKPGQAPRLLIYGASSRATGIPDRFSGSGSGTDFTLTISRLEPEDFAVYYCQQYGSSPLTFGQGTKVEIK
1717,5i1g,EVQLVETGGGLIQPGGSLRLSCAASGFTVSSNYMSWVRQAPGKGLEWVSVIYSGGSTYYADSVKGRFTISRDNSKNTLYLQMNSLRAEDTAVYYCARYDGIYGELDFWGQGTLVTVSS,EIVLTQSPATLSLSPGERATLSCRASQSVSSYLAWYQQKPGQAPRLLIYDASNRATGIPARFSGSGSGTDFTLTISSLEPEDFAVYYCQQRSNWPLTFGQGTKVEIK,0,8,EVQLVETGGGLIQPGGSLRLSCAASGFTVSSNYMSWVRQAPGKGLEWVSVIYSGGSTYYADSVKGRFTISRDNSKNTLYLQMNSLRAEDTAVYYCARYDGIYGELDFWGQGTLVTVSSEIVLTQSPATLSLSPGERATLSCRASQSVSSYLAWYQQKPGQAPRLLIYDASNRATGIPARFSGSGSGTDFTLTISSLEPEDFAVYYCQQRSNWPLTFGQGTKVEIK
1718,5i1h,EVQLVETGGGLIQPGGSLRLSCAASGFTVSSNYMSWVRQAPGKGLEWVSVIYSGGSTYYADSVKGRFTISRDNSKNTLYLQMNSLRAEDTAVYYCARYDGIYGELDFWGQGTLVTVSS,EIVLTQSPGTLSLSPGERATLSCRASQSVSSSYLAWYQQKPGQAPRLLIYGASSRATGIPDRFSGSGSGTDFTLTISRLEPEDFAVYYCQQYGSSPLTFGQGTKVEIK,1,8,EVQLVETGGGLIQPGGSLRLSCAASGFTVSSNYMSWVRQAPGKGLEWVSVIYSGGSTYYADSVKGRFTISRDNSKNTLYLQMNSLRAEDTAVYYCARYDGIYGELDFWGQGTLVTVSSEIVLTQSPGTLSLSPGERATLSCRASQSVSSSYLAWYQQKPGQAPRLLIYGASSRATGIPDRFSGSGSGTDFTLTISRLEPEDFAVYYCQQYGSSPLTFGQGTKVEIK
1946,5v7r,QVQLVESGGGLVQPGGSLRLSCAASGFTFSSYWMHWVRQAPGKGLVWVSRINSDGSDTNYADSVKGRFTFSRDNAKNTLYLQMTSLRAEDTAIYYCTRGRSYGFFDYWGQGALVTVSS,DIVMTQSPDTLSLSPGERATLSCRASQIISSNYLAWYQQQPGQAPRLLIYGASSRATGIPDRFSGSGSATDFTLTISRLEPEDFAVYYCQQYGTSPRTFGQGTKLEIK,1,8,QVQLVESGGGLVQPGGSLRLSCAASGFTFSSYWMHWVRQAPGKGLVWVSRINSDGSDTNYADSVKGRFTFSRDNAKNTLYLQMTSLRAEDTAIYYCTRGRSYGFFDYWGQGALVTVSSDIVMTQSPDTLSLSPGERATLSCRASQIISSNYLAWYQQQPGQAPRLLIYGASSRATGIPDRFSGSGSATDFTLTISRLEPEDFAVYYCQQYGTSPRTFGQGTKLEIK
2001,5wi9,QVQLVESGGGVVQPGRSLRLSCAASGFTFSNYGIHWVRQAPGKGLEWVAVIWYDGSIKYYADSVKGRFTISRDNSKNTLYLQMNSLRAEDTAVYYCARDRAAAGLHYYYGMDVWGQGTTVTVSS,EIVLTQSPGTLSLSPGERATLSCRASQSVSSTYLAWYQQKPGQAPRLLIYGASSRATGIPDRFSGSGSGTDFTLTISRLEPEDFAVYYCQQSGSSPLTFGGGTEVEIK,0,8,QVQLVESGGGVVQPGRSLRLSCAASGFTFSNYGIHWVRQAPGKGLEWVAVIWYDGSIKYYADSVKGRFTISRDNSKNTLYLQMNSLRAEDTAVYYCARDRAAAGLHYYYGMDVWGQGTTVTVSSEIVLTQSPGTLSLSPGERATLSCRASQSVSSTYLAWYQQKPGQAPRLLIYGASSRATGIPDRFSGSGSGTDFTLTISRLEPEDFAVYYCQQSGSSPLTFGGGTEVEIK
2013,5wym,QVQLQQSGGGVVQPGRSLRLSCAASGFTFSSYAMHWVRQAPGKGLEWVAVISHGGSNKYYADSVKGRFTISRDNSKNTLYLQMNSLRAEDTAVYYCARDFSWRGYYMDVWGKGTLVTVSS,ETTLTQSPATLSLSPGERATLSCRASQSISSYLAWYQQKPGQAPRLLIYGASTRATGIPDRFSGSGSGTDFTLTISRLEPEDFAVYYCQQYGSSPRTFGGGTKVEIK,0,8,QVQLQQSGGGVVQPGRSLRLSCAASGFTFSSYAMHWVRQAPGKGLEWVAVISHGGSNKYYADSVKGRFTISRDNSKNTLYLQMNSLRAEDTAVYYCARDFSWRGYYMDVWGKGTLVTVSSETTLTQSPATLSLSPGERATLSCRASQSISSYLAWYQQKPGQAPRLLIYGASTRATGIPDRFSGSGSGTDFTLTISRLEPEDFAVYYCQQYGSSPRTFGGGTKVEIK
2046,5yoy,QVQLVESGGGVVQPGRSLRLSCAASGFIFSSYAMHWVRQAPGNGLEWVAFMSYDGSNKKYADSVKGRFTISRDNSKNTLYLQMNSLRAEDTAVYYCARDRGIAAGGNYYYYGMDVWGQGTTVTVSS,EIVLTQSPATLSLSPGERATLSCRASQSVYSYLAWYQQKPGQAPRLLIYDASNRATGIPARFSGSGSGTDFTLTISSLEPEDFAVYYCQQRSNWPPFTFGPGTKVDIK,0,8,QVQLVESGGGVVQPGRSLRLSCAASGFIFSSYAMHWVRQAPGNGLEWVAFMSYDGSNKKYADSVKGRFTISRDNSKNTLYLQMNSLRAEDTAVYYCARDRGIAAGGNYYYYGMDVWGQGTTVTVSSEIVLTQSPATLSLSPGERATLSCRASQSVYSYLAWYQQKPGQAPRLLIYDASNRATGIPARFSGSGSGTDFTLTISSLEPEDFAVYYCQQRSNWPPFTFGPGTKVDIK
2091,6b0a,EVQLVESGGGLVQSGGSLRLSCAASGFTFSRNAMNWVRQAPGKGLEWVSTISGSGDSTYYADSVKGRFTISRDNSKNTLYLQVNSLRAEDTAVYYCAKGDYYFDSGSYSFGMDVWGQGTTVTVSS,EIVLTQSPGTLSLSPGERATLSCRTSQSVSSSYLAWYQQKPGQAPRLLMYGASSRATGIPDRFSGSGSGTDFTLTISRLEPEDFAVYYCQQYGNSFGQGTRLEIK,0,8,EVQLVESGGGLVQSGGSLRLSCAASGFTFSRNAMNWVRQAPGKGLEWVSTISGSGDSTYYADSVKGRFTISRDNSKNTLYLQVNSLRAEDTAVYYCAKGDYYFDSGSYSFGMDVWGQGTTVTVSSEIVLTQSPGTLSLSPGERATLSCRTSQSVSSSYLAWYQQKPGQAPRLLMYGASSRATGIPDRFSGSGSGTDFTLTISRLEPEDFAVYYCQQYGNSFGQGTRLEIK
2259,6ghg,EVQLLESGGGLVQPGGSLRLSCAASGFTFSSYAMSWVRQAPGKGLEWVSAISGSGGSTYYADSVKGRFTISRDNSKNTLYLQMNSLRAEDTAVYYCAKGSGFDYWGQGTLVTVSS,EIVLTQSPGTLSLSPGERATLSCRASQSVSSSYLAWYQQKPGQAPRLLIYGASSRATGIPDRFSGSGSGTDFTLTISRLEPEDFAVYYCQQYGSSPLTFGQGTKVEIK,0,8,EVQLLESGGGLVQPGGSLRLSCAASGFTFSSYAMSWVRQAPGKGLEWVSAISGSGGSTYYADSVKGRFTISRDNSKNTLYLQMNSLRAEDTAVYYCAKGSGFDYWGQGTLVTVSSEIVLTQSPGTLSLSPGERATLSCRASQSVSSSYLAWYQQKPGQAPRLLIYGASSRATGIPDRFSGSGSGTDFTLTISRLEPEDFAVYYCQQYGSSPLTFGQGTKVEIK
1037,3vfg,QVQLKESGPGLVAPSQSLSITCTVSGFSVTNYGVHWVRQPPGKGLEWLGVIWAGGITNYNSAFMSRLSISKDNSKSQVFLKMNSLQIDDTAMYYCASRGGHYGYALDYWGQGTSVTVSS,SIVMTQTPKFLLVSAGDRVTITCKASQSVSNDVTWYQQKAGQSPKLLIYSASNRYSGVPDRFTGSGYGTAFTFTISTVQAEDLAVYFCQQDYSSFGGGTKLEIK,0,588,QVQLKESGPGLVAPSQSLSITCTVSGFSVTNYGVHWVRQPPGKGLEWLGVIWAGGITNYNSAFMSRLSISKDNSKSQVFLKMNSLQIDDTAMYYCASRGGHYGYALDYWGQGTSVTVSSSIVMTQTPKFLLVSAGDRVTITCKASQSVSNDVTWYQQKAGQSPKLLIYSASNRYSGVPDRFTGSGYGTAFTFTISTVQAEDLAVYFCQQDYSSFGGGTKLEIK
1039,3vg9,EVQLQQSGAELVKPGSSVKISCKTSGDSFTAYNMNWVKQSHGKSLEWIGNINPYYGSTRYNQKFKGKATLTVDKSSSTAYIQLNSLTSEDSAVYYCAREGNYYDGGSVRYFDYWGQGTTLTVSS,DIVMTQSPASLSASVGDTVTITCRASEFIYSSLTWYQQKQGGSPQLLVYAATNLADAVPSRFSGSGSGTQFSLKINRLQPEDFGTYYCQHFYGSTWAFGGGTKLEIK,0,562,EVQLQQSGAELVKPGSSVKISCKTSGDSFTAYNMNWVKQSHGKSLEWIGNINPYYGSTRYNQKFKGKATLTVDKSSSTAYIQLNSLTSEDSAVYYCAREGNYYDGGSVRYFDYWGQGTTLTVSSDIVMTQSPASLSASVGDTVTITCRASEFIYSSLTWYQQKQGGSPQLLVYAATNLADAVPSRFSGSGSGTQFSLKINRLQPEDFGTYYCQHFYGSTWAFGGGTKLEIK
1040,3vi3,QVHLQQSGAELMKPGASVKISCKATGYTFTSYWIEWVKQRPGHGLEWLGEILPGSGYIHYNEKFKGKATFTTDTSSNTAYMQLSSLTSEDSAVYYCSRALALYAMDYWGQGTSVTVSS,DIVMTQATPSIPVTPGESVSISCRSNKSLLHSNGNTYLYWFLQRPGQSPRLLIFRMSNLASGVPDRFSGSGSGTAFTLRISRVEAADVGIYFCLQHLEYPFTFGAGTKLELK,0,786,QVHLQQSGAELMKPGASVKISCKATGYTFTSYWIEWVKQRPGHGLEWLGEILPGSGYIHYNEKFKGKATFTTDTSSNTAYMQLSSLTSEDSAVYYCSRALALYAMDYWGQGTSVTVSSDIVMTQATPSIPVTPGESVSISCRSNKSLLHSNGNTYLYWFLQRPGQSPRLLIFRMSNLASGVPDRFSGSGSGTAFTLRISRVEAADVGIYFCLQHLEYPFTFGAGTKLELK
1043,3w9d,QVTLKQSGAEVKKPGSSVKVSCTASGGTLRTYGVSWVRQAPGQGLEWLGRTIPLFGKTDYAQKFQGRVTITADKSMDTSFMELTSLTSEDTAVYYCARDLTTLTSYNWWDLWGQGTLVTVSS,EIVLTQSPGTLSLSPGERATLSCRASQSVTSSQLAWYQQKPGQAPRLLISGASNRATGIPDRFSGSGSGTDFTLTISRLEPEDFAVYYCQQYGSSPTFGGGTKVEIK,0,722,QVTLKQSGAEVKKPGSSVKVSCTASGGTLRTYGVSWVRQAPGQGLEWLGRTIPLFGKTDYAQKFQGRVTITADKSMDTSFMELTSLTSEDTAVYYCARDLTTLTSYNWWDLWGQGTLVTVSSEIVLTQSPGTLSLSPGERATLSCRASQSVTSSQLAWYQQKPGQAPRLLISGASNRATGIPDRFSGSGSGTDFTLTISRLEPEDFAVYYCQQYGSSPTFGGGTKVEIK
2408,8fab,AVKLVQAGGGVVQPGRSLRLSCIASGFTFSNYGMHWVRQAPGKGLEWVAVIWYNGSRTYYGDSVKGRFTISRDNSKRTLYMQMNSLRTEDTAVYYCARDPDILTAFSFDYWGQGVLVTVSS,SYELTQPPSVSVSPGQTARITCSANALPNQYAYWYQQKPGRAPVMVIYKDTQRPSGIPQRFSSSTSGTTVTLTISGVQAEDEADYYCQAWDNSASIFGGGTKLTVL,0,329,AVKLVQAGGGVVQPGRSLRLSCIASGFTFSNYGMHWVRQAPGKGLEWVAVIWYNGSRTYYGDSVKGRFTISRDNSKRTLYMQMNSLRTEDTAVYYCARDPDILTAFSFDYWGQGVLVTVSSSYELTQPPSVSVSPGQTARITCSANALPNQYAYWYQQKPGRAPVMVIYKDTQRPSGIPQRFSSSTSGTTVTLTISGVQAEDEADYYCQAWDNSASIFGGGTKLTVL
